Name,Date,N-1_Date,N-2_DATE,N_09:30_MAX_MINUS_N-1_09:00_Open,N_09:30_Min_MINUS_N-1_09:00_Open,N-1_Close_Minus_N_09:00_To_09:30_Max,N-1_Close_Minus_N_09:00_To_09:30_Min_,N-1_09:00_To_09:30_MAX_MINUS_09:00_OPEN,N-1_09:00_To_09:30_MIN_MINUS_09:00_OPEN,N-1_09:30_To_10:00_MAX_MINUS_09:30_OPEN,N-1_09:30_To_10:00_MIN_MINUS_09:30_OPEN,N-1_10:00_To_10:30_MAX_MINUS_10:00_OPEN,N-1_10:00_To_10:30_MIN_MINUS_10:00_OPEN,N-1_10:30_To_11:00_MAX_MINUS_10:30_OPEN,N-1_10:30_To_11:00_MIN_MINUS_10:30_OPEN,N-1_11:00_To_11:30_MAX_MINUS_11:00_OPEN,N-1_11:00_To_11:30_MIN_MINUS_11:00_OPEN,N-1_11:30_To_12:00_MAX_MINUS_11:30_OPEN,N-1_11:30_To_12:00_MIN_MINUS_11:30_OPEN,N-1_12:00_To_12:30_MAX_MINUS_12:00_OPEN,N-1_12:00_To_12:30_MIN_MINUS_12:00_OPEN,N-1_12:30_To_13:00_MAX_MINUS_12:30_OPEN,N-1_12:30_To_13:00_MIN_MINUS_12:30_OPEN,N-1_13:00_To_13:30_MAX_MINUS_13:00_OPEN,N-1_13:00_To_13:30_MIN_MINUS_13:00_OPEN,N-1_13:30_To_14:00_MAX_MINUS_13:30_OPEN,N-1_13:30_To_14:00_MIN_MINUS_13:30_OPEN,N-1_14:00_To_14:30_MAX_MINUS_14:00_OPEN,N-1_14:00_To_14:30_MIN_MINUS_14:00_OPEN,N-1_14:30_To_15:00_MAX_MINUS_14:30_OPEN,N-1_14:30_To_15:00_MIN_MINUS_14:30_OPEN,N-1_15:00_To_15:30_MAX_MINUS_15:00_OPEN,N-1_15:00_To_15:30_MIN_MINUS_15:00_OPEN,N-1_09:30_Open_Minus_N-1_EOD_Close,N_09:30_MAX_MINUS_N-1_EOD_CLOSE,N_09:30_Min_MINUS_N-1_EOD_CLOSE,N-1_15:30_To_EOD_MAX_MINUS_N_09:00_OPEN,N-1_15:30_To_EOD_MIN_MINUS_N_09:00_OPEN,N-1_09:00_To_09:30_Max_Minus_N-2_09:00_Open,N-1_09:00_To_09:30_Min_Minus_N-2_09:00_Open,N-1_EOD_Close_Minus_N-1_09:00_Open,N-2_EOD_Close_Minus_N-2_09:00_Open,N-2_09:00_To_09:30_MAX_MINUS_09:00_OPEN,N-2_09:00_To_09:30_MIN_MINUS_09:00_OPEN,N-2_09:30_To_10:00_MAX_MINUS_09:30_OPEN,N-2_09:30_To_10:00_MIN_MINUS_09:30_OPEN,N-2_10:00_To_10:30_MAX_MINUS_10:00_OPEN,N-2_10:00_To_10:30_MIN_MINUS_10:00_OPEN,N-2_10:30_To_11:00_MAX_MINUS_10:30_OPEN,N-2_10:30_To_11:00_MIN_MINUS_10:30_OPEN,N-2_11:00_To_11:30_MAX_MINUS_11:00_OPEN,N-2_11:00_To_11:30_MIN_MINUS_11:00_OPEN,N-2_11:30_To_12:00_MAX_MINUS_11:30_OPEN,N-2_11:30_To_12:00_MIN_MINUS_11:30_OPEN,N-2_12:00_To_12:30_MAX_MINUS_12:00_OPEN,N-2_12:00_To_12:30_MIN_MINUS_12:00_OPEN,N-2_12:30_To_13:00_MAX_MINUS_12:30_OPEN,N-2_12:30_To_13:00_MIN_MINUS_12:30_OPEN,N-2_13:00_To_13:30_MAX_MINUS_13:00_OPEN,N-2_13:00_To_13:30_MIN_MINUS_13:00_OPEN,N-2_13:30_To_14:00_MAX_MINUS_13:30_OPEN,N-2_13:30_To_14:00_MIN_MINUS_13:30_OPEN,N-2_14:00_To_14:30_MAX_MINUS_14:00_OPEN,N-2_14:00_To_14:30_MIN_MINUS_14:00_OPEN,N-2_14:30_To_15:00_MAX_MINUS_14:30_OPEN,N-2_14:30_To_15:00_MIN_MINUS_14:30_OPEN,N-2_15:00_To_15:30_MAX_MINUS_15:00_OPEN,N-2_15:00_To_15:30_MIN_MINUS_15:00_OPEN,N-2_09:30_Open_Minus_N-2_EOD_Close,N-2_15:30_To_EOD_MAX_MINUS_N-1_09:00_OPEN,N-2_15:30_To_EOD_MIN_MINUS_N-1_09:00_OPEN,N_09:00_To_13:45_Max_Minus_N-1_Close,N_09:00_To_13:45_Min_Minus_N-1_Close,N-1_Close_Minus_N_09:00_To_15:00_Max,N-1_Close_Minus_N_09:00_To_15:00_Min_,N_09:00_To_09:30_Max_Minus_09:00_Open,N_09:00_To_09:30_Min_Minus_09:00_Open,N_09:00_To_13:45_Max_Minus_09:00_Open,N_09:00_To_13:45_Min_Minus_09:00_Open,N_09:00_To_15:00_Max_Minus_09:00_Open,N_09:00_To_15:00_Min_Minus_09:00_Open,N_09:30_To_13:45_Max_Minus_N_09:30_Open,N_09:30_To_13:45_Min_Minus_N_09:30_Open,N_09:30_To_15:00_Max_Minus_N_09:30_Open,N_09:30_To_15:00_Min_Minus_N_09:30_Open,N_DAY_MAX_GRT_N-1_DAY_MAX,N_DAY_MIN_LT_N-1_DAY_MIN
ACC,20190312,20190311,20190308,2.56,1.408,0.813,-0.36,0.693,-0.114,0.492,-0.867,0.856,0.086,0.718,-0.003,0.069,-0.31,0.035,-0.339,0.334,-0.184,0.233,-0.158,0.474,-0.035,0.113,-0.331,0.526,-0.079,0.156,-0.409,1.193,-0.019,1.683,0.813,-0.36,1.761,-0.581,2.007,1.21,1.761,1.232,0.502,-0.657,0.504,-0.202,0.335,-0.112,0.236,-0.247,0.5,-0.157,0.213,-0.429,0.344,-0.032,0.429,-0.122,0.325,-0.048,0.245,-0.285,0.43,0.029,0.21,-0.022,0.873,0.006,-0.939,-0.092,-0.092,1.389,-0.58,1.389,-0.675,0.303,-0.876,0.882,-1.097,0.882,-1.192,1.546,-0.42,1.546,-0.515,1,0
ACC,20190313,20190312,20190311,-161150,-161150,-159145,-159145,0.303,-0.876,0.255,-0.2,0.558,0.019,0.329,-0.221,0.698,-0.137,0.738,-0.227,0.031,-0.292,0.137,-0.14,0.003,-0.34,0.072,-0.69,0.252,-0.103,0.24,-0.345,0.094,-0.554,-0.581,-159145,-159145,-1.259,98.555,2.56,1.408,-1.259,1.761,0.693,-0.114,0.492,-0.867,0.856,0.086,0.718,-0.003,0.069,-0.31,0.035,-0.339,0.334,-0.184,0.233,-0.158,0.474,-0.035,0.113,-0.331,0.526,-0.079,0.156,-0.409,1.193,-0.019,-1.712,-0.514,-0.571,-159145,-159145,-159145,-159145,0,0,0,0,0,0,0,0,0,0,0,1
ADANIENT,20190313,20190312,20190311,-13945,-13945,-14740,-14740,0.461,-0.286,0.775,-0.178,0.841,-0.212,0.628,-0.246,1.649,-0.105,1.132,-0.558,0.45,-0.139,0.449,-0.139,1.697,-0.104,2.067,-0.068,0.805,0.034,1.327,-0.168,0.167,-1.356,5.054,-14740,-14740,5.357,104.45,2.339,1.607,5.357,0.899,1.431,-0.145,0.465,-0.288,0.821,-0.144,0.179,-0.216,1.1,-0.108,0.142,-0.393,0.071,-0.61,0.498,-0.036,0.107,-0.25,0,-1.083,0.287,-0.288,0.286,-0.324,-0.143,-0.648,0.144,-0.934,-1.007,-14740,-14740,-14740,-14740,0,0,0,0,0,0,0,0,0,0,0,1
ADANIPORTS,20190312,20190311,20190308,4.44,2.375,2.199,0.085,1.081,-0.321,0.316,-0.318,0.944,-0.029,0.315,-0.072,0.072,-0.432,0.358,0.029,0.229,-0.302,0.043,-0.259,0.4,-0.029,0.342,-0.143,0.214,-0.287,0.257,-0.014,0.779,-0.029,1.295,2.199,0.085,2.375,-0.087,1.744,0.351,2.291,0.351,0.583,-0.575,0.146,-0.649,0.644,0.059,0.118,-0.532,0.44,-0.281,0.088,-0.31,0.279,-0.118,0.22,-0.044,-0.044,-0.295,0.162,-0.103,0.643,0.029,0.293,-0.088,0.408,-0.088,-0.249,-0.321,-0.321,3.793,0.085,3.793,0.085,2.116,0,3.711,0,3.711,0,2.314,-1.091,2.314,-1.091,1,0
ADANIPORTS,20190313,20190312,20190311,-35060,-35060,-36005,-36005,2.116,0,0.238,-1.091,0.393,-0.183,0.336,-0.409,1.906,0.028,0.945,-0.041,0.151,-0.638,0.249,-0.403,0.318,-0.362,0.262,-0.25,0.29,-0.014,0.124,-0.249,0.262,-0.681,1.205,-36005,-36005,2.617,102.403,4.44,2.375,2.617,2.291,1.081,-0.321,0.316,-0.318,0.944,-0.029,0.315,-0.072,0.072,-0.432,0.358,0.029,0.229,-0.302,0.043,-0.259,0.4,-0.029,0.342,-0.143,0.214,-0.287,0.257,-0.014,0.779,-0.029,-1.312,0,-0.085,-36005,-36005,-36005,-36005,0,0,0,0,0,0,0,0,0,0,0,1
AMBUJACEM,20190312,20190311,20190308,3.696,2.808,0.892,-0.021,0.809,-0.11,0.721,-0.132,0.699,-0.044,0.479,0.066,0.585,-0.087,0.13,-0.502,0.497,0,0.087,-0.152,0.065,0,0,-0.13,0.645,-0.087,0.535,-0.108,1.065,-0.086,2.593,0.892,-0.021,2.829,-0.573,3.5,2.605,2.829,2.476,1.099,0,0.648,-0.316,0.112,-0.36,0.045,-0.157,0.313,-0.135,0.156,-0.09,0.267,-0.045,0.201,-0.067,0.444,-0.067,0.223,-0.268,0.312,-0.045,0.333,-0.089,1.035,0.022,-1.686,-0.243,-0.243,1.603,-0.236,1.603,-0.236,0.637,-0.279,1.35,-0.494,1.35,-0.494,1.371,-0.473,1.371,-0.473,1,0
AMBUJACEM,20190313,20190312,20190311,-23290,-23290,-23215,-23215,0.637,-0.279,0.256,-0.473,0.489,0.064,0.276,-0.278,0.466,-0.128,0.738,-0.149,0.085,-0.341,0.106,-0.321,0.064,-0.364,0.192,-0.321,0.043,-0.235,0.277,-0.257,0.107,-0.624,-0.3,-23215,-23215,-0.322,99.252,3.696,2.808,-0.322,2.829,0.809,-0.11,0.721,-0.132,0.699,-0.044,0.479,0.066,0.585,-0.087,0.13,-0.502,0.497,0,0.087,-0.152,0.065,0,0,-0.13,0.645,-0.087,0.535,-0.108,1.065,-0.086,-2.662,-0.257,-0.559,-23215,-23215,-23215,-23215,0,0,0,0,0,0,0,0,0,0,0,1
ARVIND,20190312,20190311,20190308,4.89,3.59,1.743,0.399,1.571,0,1.107,-0.533,1.562,-0.059,0,-0.818,0.175,-0.41,0.291,-0.234,0.464,-0.117,0.978,0,0.915,-0.174,0.571,-0.173,0.854,-0.288,0.227,-0.515,0.341,-0.517,2.918,1.743,0.399,3.425,-1.064,-3.781,-5.437,3.204,-6.254,0.224,-3.002,0.571,-2.712,0.347,-2.072,0.643,-1.312,0.412,-1.137,0.236,-0.594,0.059,-0.595,0.178,-0.179,0.591,-0.478,0.296,-0.838,0.594,-1.21,-0.3,-1.148,1.418,-0.12,3.617,-0.475,-0.774,1.743,-1.628,7.317,-1.628,0.731,-0.627,0.731,-2.674,6.363,-2.674,-0.227,-2.5,6.522,-2.5,1,0
ARVIND,20190313,20190312,20190311,-8730,-8730,-9235,-9235,0.731,-0.627,-0.227,-0.974,-0.115,-1.628,0.345,-0.173,0.687,-0.289,0.286,-0.634,0.23,-0.289,0.173,-0.231,0.172,-0.173,0.172,-0.231,5.742,-0.058,3.287,-0.941,1.066,-0.108,5.57,-9235,-9235,5.41,104.587,4.89,3.59,5.41,3.204,1.571,0,1.107,-0.533,1.562,-0.059,0,-0.818,0.175,-0.41,0.291,-0.234,0.464,-0.117,0.978,0,0.915,-0.174,0.571,-0.173,0.854,-0.288,0.227,-0.515,0.341,-0.517,-3.005,-0.799,-1.03,-9235,-9235,-9235,-9235,0,0,0,0,0,0,0,0,0,0,0,1
ASHOKLEY,20190312,20190311,20190308,4.677,3.715,2.207,1.221,1.144,-0.666,0.435,-0.274,0.921,0.273,0.054,-0.327,0.163,-0.164,0.217,-0.054,0.109,-0.163,0.109,-0.109,0.217,-0.218,0.271,-0.163,0.325,-0.054,0.162,-0.109,1.389,-0.054,1.558,2.207,1.221,2.891,-1.268,1.199,-0.61,2.526,-1.115,0.33,-0.722,0.276,-0.837,0.388,-0.504,0,-0.391,0.554,-0.056,0.111,-0.334,1.154,-0.335,0.111,-0.39,0.167,-0.167,0.222,-0.335,0.223,-0.056,0.444,0,0.444,-0.336,0.83,-1.002,-1.171,2.565,-0.269,2.565,-0.269,0.998,0,1.361,-1.509,1.361,-1.509,0.733,-2.155,0.733,-2.155,1,0
ASHOKLEY,20190313,20190312,20190311,-9320,-9320,-9195,-9195,0.998,0,0.733,-0.264,0.105,-0.105,0.105,-0.635,0.315,-0.851,0.318,-0.642,0.053,-0.859,0.16,-0.647,0.321,-0.107,0.161,-0.161,0.85,0,0.16,-0.321,0,-1.134,-1.99,-9195,-9195,-1.345,97.558,4.677,3.715,-1.345,2.526,1.144,-0.666,0.435,-0.274,0.921,0.273,0.054,-0.327,0.163,-0.164,0.217,-0.054,0.109,-0.163,0.109,-0.109,0.217,-0.218,0.271,-0.163,0.325,-0.054,0.162,-0.109,1.389,-0.054,-1.583,-0.857,-1.236,-9195,-9195,-9195,-9195,0,0,0,0,0,0,0,0,0,0,0,1
ASIANPAINT,20190312,20190311,20190308,3.104,2.266,0.956,0.099,0.43,-0.289,0.366,-0.047,0.415,-0.166,0.115,-0.039,0,-0.144,0.304,-0.18,0.816,0.007,0.163,-0.285,0.284,-0.004,0.167,-0.135,1.009,0.057,0.211,-0.187,0.225,-0.336,2.257,0.956,0.099,2.169,-0.101,0.108,-0.614,2.169,-0.807,0.082,-0.949,0.463,-0.069,0.352,-0.007,0.101,-0.104,0.14,0.004,0.025,-0.252,0.04,-0.097,0.004,-0.351,0.101,-0.21,0.141,-0.083,0.058,-0.061,0.173,-0.043,0.072,-0.29,0.332,-0.289,-0.481,1.768,0.099,1.768,0.099,0.858,0,1.671,0,1.671,0,1.059,-0.144,1.059,-0.333,1,0
ASIANPAINT,20190313,20190312,20190311,-142020,-142020,-142710,-142710,0.858,0,0.959,-0.021,0.287,-0.024,0.01,-0.417,-0.01,-0.223,-0.017,-0.563,0.003,-0.133,0.003,-0.137,0.024,-0.112,0.073,-0.256,0.014,-0.07,0.021,-0.084,0,-0.351,-0.137,-142710,-142710,0.483,100.415,3.104,2.266,0.483,2.169,0.43,-0.289,0.366,-0.047,0.415,-0.166,0.115,-0.039,0,-0.144,0.304,-0.18,0.816,0.007,0.163,-0.285,0.284,-0.004,0.167,-0.135,1.009,0.057,0.211,-0.187,0.225,-0.336,-2.309,-0.099,-0.099,-142710,-142710,-142710,-142710,0,0,0,0,0,0,0,0,0,0,0,1
AUROPHARMA,20190312,20190311,20190308,2.493,0.945,0.963,-0.61,1.024,-0.292,0.474,-0.195,0.392,-0.094,0.127,-0.268,0.354,-0.195,0.06,-0.261,0.007,-0.302,0.32,-0.134,0.22,-0.094,0.08,-0.308,0.233,-0.221,0.127,-0.073,0.352,-0.274,0.706,0.963,-0.61,1.761,-0.927,3.642,2.361,1.545,2.208,1.289,-0.426,0.568,-0.575,1.095,-0.083,0.171,-0.316,0.424,0,0.178,-0.206,0.768,0,0.17,-0.205,0.434,-0.095,0.319,0.014,0.109,-0.361,0.319,-0.075,0.325,-0.307,-1.301,-0.448,-0.503,4.473,-1.063,4.473,-1.063,0.059,-1.528,3.601,-1.986,3.601,-1.986,4.644,-0.882,4.644,-0.882,1,0
AUROPHARMA,20190313,20190312,20190311,-75660,-75660,-77225,-77225,0.059,-1.528,0.107,-0.882,2.601,-0.114,2.157,0.242,1.094,0.006,0,-0.97,0.071,-0.453,0.385,-0.116,0.039,-0.589,0.019,-0.479,0.11,-0.467,0.38,-0.084,0.045,-0.708,3.084,-77225,-77225,2.308,101.934,2.493,0.945,2.024,1.545,1.024,-0.292,0.474,-0.195,0.392,-0.094,0.127,-0.268,0.354,-0.195,0.06,-0.261,0.007,-0.302,0.32,-0.134,0.22,-0.094,0.08,-0.308,0.233,-0.221,0.127,-0.073,0.352,-0.274,-0.711,-0.691,-0.912,-77225,-77225,-77225,-77225,0,0,0,0,0,0,0,0,0,0,0,1
AXISBANK,20190312,20190311,20190308,1.166,0.711,1.004,0.548,1.372,-0.246,-0.013,-0.351,0.403,-0.054,0.081,-0.283,0.235,-0.094,0.088,-0.338,0.142,-0.278,0.007,-0.257,0.182,-0.169,0.02,-0.517,0.041,-0.76,0.163,-0.273,0.265,-0.116,-1.171,1.004,0.548,0.448,-0.552,1.513,-0.103,0.163,0.157,0.041,-0.529,0.66,-0.247,0.916,-0.034,0.102,-0.3,0.59,-0.02,0.048,-0.348,0.177,-0.095,0,-0.493,0.136,-0.143,0.32,-0.13,0.238,0.02,0.381,0.014,0.347,-0.171,-0.39,0.014,0.014,1.936,0.548,1.936,0.548,0.458,0,1.395,0,1.395,0,1.021,-0.21,1.021,-0.21,1,0
AXISBANK,20190313,20190312,20190311,-73755,-73755,-74155,-74155,0.458,0,0.276,-0.21,0.802,0.04,0.374,0.007,0.027,-0.336,0.221,-0.255,0.02,-0.242,0.027,-0.236,-0.04,-0.256,0.007,-0.223,0.195,-0.088,0.047,-0.047,0.007,-0.196,0.162,-74155,-74155,0.545,100.406,1.166,0.711,0.539,0.163,1.372,-0.246,-0.013,-0.351,0.403,-0.054,0.081,-0.283,0.235,-0.094,0.088,-0.338,0.142,-0.278,0.007,-0.257,0.182,-0.169,0.02,-0.517,0.041,-0.76,0.163,-0.273,0.265,-0.116,1.157,-0.265,-0.551,-74155,-74155,-74155,-74155,0,0,0,0,0,0,0,0,0,0,0,1
BAJAJ-AUTO,20190312,20190311,20190308,1.677,1.061,0.67,0.048,0.494,-1.132,0.307,-0.195,0.157,-0.044,0.02,-0.331,0.264,0,0.134,-0.166,0.219,-0.064,0.333,0.023,0.128,-0.072,0.107,-0.025,0.392,-0.023,0.254,-0.145,0.043,-0.182,0.558,0.67,0.048,1.013,-0.37,2.543,0.95,1.013,1.58,0.668,-0.309,1.01,0.287,0.375,-0.038,0.082,-0.138,0.502,0.027,0.467,0.044,-0.017,-0.338,0.041,-0.277,0.044,-0.306,0.176,-0.024,0.428,-0.229,0.201,-0.003,0.442,-0.031,-1.396,-0.489,-0.489,0.67,-0.644,0.67,-0.644,0.324,-0.3,0.324,-0.995,0.324,-0.995,0.153,-0.944,0.153,-0.944,1,0
BAJAJ-AUTO,20190313,20190312,20190311,-301000,-301000,-299510,-299510,0.324,-0.3,0.153,-0.635,0.162,-0.463,0.317,-0.173,0.018,-0.197,0.133,-0.033,0.047,-0.1,0.359,-0.005,0.007,-0.384,0.102,-0.165,0.233,-0.033,0.118,-0.199,0.06,-0.274,-0.447,-299510,-299510,-0.497,99.472,1.677,1.061,-0.497,1.013,0.494,-1.132,0.307,-0.195,0.157,-0.044,0.02,-0.331,0.264,0,0.134,-0.166,0.219,-0.064,0.333,0.023,0.128,-0.072,0.107,-0.025,0.392,-0.023,0.254,-0.145,0.043,-0.182,-0.561,-0.348,-0.367,-299510,-299510,-299510,-299510,0,0,0,0,0,0,0,0,0,0,0,1
BAJFINANCE,20190312,20190311,20190308,1.688,1.104,0.909,0.32,0.838,0,0.413,-0.286,0.32,0.023,0.216,-0.047,0.179,-0.122,0.121,-0.143,0.417,-0.109,-0.021,-0.263,-0.107,-0.407,0.143,-0.357,0.222,-0.315,0.189,-0.152,0.068,-0.363,0.093,0.909,0.32,0.786,-0.683,2.483,1.659,0.786,1.631,0.832,-0.241,0.295,-0.433,0.223,-0.281,0.21,-0.027,0.335,-0.119,0.193,-0.201,0.269,-0.146,0.071,-0.441,0.111,-0.191,0.317,-0.029,1.108,-0.071,0.43,-0.114,0.392,-0.286,-1.037,-0.029,-0.21,0.909,-0.889,0.909,-1.266,0.24,-0.354,0.24,-1.571,0.24,-1.95,0.187,-1.529,0.187,-1.908,1,1
BAJFINANCE,20190313,20190312,20190311,-280890,-280890,-275205,-275205,0.24,-0.354,0.132,-0.388,0.057,-0.196,0.219,-0.094,-0.005,-0.677,0.162,-0.186,0.15,-0.672,0.036,-0.492,0.146,-0.193,0.23,-0.253,0.069,-0.108,0.135,-0.537,0.002,-0.528,-2.023,-275205,-275205,-2.065,97.939,1.688,1.104,-2.065,0.786,0.838,0,0.413,-0.286,0.32,0.023,0.216,-0.047,0.179,-0.122,0.121,-0.143,0.417,-0.109,-0.021,-0.263,-0.107,-0.407,0.143,-0.357,0.222,-0.315,0.189,-0.152,0.068,-0.363,-0.093,-0.675,-0.677,-275205,-275205,-275205,-275205,0,0,0,0,0,0,0,0,0,0,0,1
BANKBARODA,20190312,20190311,20190308,2.971,1.973,1.486,0.472,0.867,-0.044,1.539,-0.043,0.768,-0.129,0.171,-0.301,0.214,-0.388,0.727,0,0.086,-0.301,0.129,-0.215,0.428,-0.388,0.257,-0.474,0.043,-0.606,0.429,-0.216,0.215,-0.389,0.776,1.486,0.472,1.635,-0.787,-0.39,-1.313,1.508,-1.893,0.941,-0.216,0.301,-2.115,1.001,-0.176,0.131,-0.659,0.696,-0.088,0.477,-0.218,0.261,-0.35,0.087,-0.395,0.261,-0.263,0.175,-0.749,0.525,-0.044,0.655,-0.176,0.219,-0.619,1.942,-0.616,-0.749,1.486,-1.398,1.486,-1.398,0.722,-0.3,0.722,-2.184,0.722,-2.184,0.171,-2.053,0.171,-2.053,1,0
BANKBARODA,20190313,20190312,20190311,-11595,-11595,-11435,-11435,0.722,-0.3,0,-0.603,0.299,-0.56,0.599,-0.172,-0.043,-0.689,0,-1.485,0.347,-0.349,0.476,-0.043,0.602,-0.13,0.602,-0.13,-0.043,-0.65,0.259,-0.043,0.043,-0.871,-1.257,-11435,-11435,-1.387,97.52,2.971,1.973,-1.387,1.508,0.867,-0.044,1.539,-0.043,0.768,-0.129,0.171,-0.301,0.214,-0.388,0.727,0,0.086,-0.301,0.129,-0.215,0.428,-0.388,0.257,-0.474,0.043,-0.606,0.429,-0.216,0.215,-0.389,-0.782,-0.645,-0.776,-11435,-11435,-11435,-11435,0,0,0,0,0,0,0,0,0,0,0,1
BANKINDIA,20190312,20190311,20190308,6.085,4.979,2.381,1.231,1.879,0,0.768,-0.055,1.415,0.055,-0.055,-0.882,0.219,-0.607,0.165,-0.834,0.384,-0.276,0.656,0,0.763,-0.11,0.546,-0.275,0.546,-0.11,1.028,-0.164,0.647,-0.272,2.005,2.381,1.231,3.794,-1.859,-0.332,-2.254,3.794,-2.196,0.711,-0.61,0.33,-1.854,0.557,-0.45,0.278,-0.28,0.832,-0.281,0.442,-0.223,0.277,-0.614,0.167,-0.673,0.444,-0.168,0.223,-0.674,0.503,0,0.612,-0.168,0.391,-0.792,2.041,0.056,-0.226,2.381,-0.875,2.381,-0.875,0.794,-0.375,0.794,-2.515,0.794,-2.515,0.107,-2.46,0.107,-2.46,1,0
BANKINDIA,20190313,20190312,20190311,-9275,-9275,-9145,-9145,0.794,-0.375,0.107,-0.59,0.053,-0.754,0.268,-0.27,-0.054,-0.976,0.323,-0.762,0.217,-0.547,0.486,-0.218,1.017,-0.108,0.376,-0.815,0.054,-0.432,0.323,-0.108,0,-1.144,-1.352,-9145,-9145,-1.406,97.067,6.085,4.979,-1.406,3.794,1.879,0,0.768,-0.055,1.415,0.055,-0.055,-0.882,0.219,-0.607,0.165,-0.834,0.384,-0.276,0.656,0,0.763,-0.11,0.546,-0.275,0.546,-0.11,1.028,-0.164,0.647,-0.272,-2.046,-1.626,-1.792,-9145,-9145,-9145,-9145,0,0,0,0,0,0,0,0,0,0,0,1
BHARATFORG,20190312,20190311,20190308,5.082,3.556,0.614,-0.984,1.058,-0.632,1.531,-0.234,0.562,-0.192,0.766,-0.01,0.34,-0.19,0.88,-0.019,0.234,-0.386,0.393,-0.216,0.112,-0.197,0.075,-0.319,0.494,-0.009,0.363,-0.763,0.774,-0.254,3.625,0.614,-0.984,4.522,-0.51,0.252,-1.451,4.496,-1.311,0.494,-0.705,0.38,-1.773,0.74,-0.09,0.109,-0.218,0.384,-0.287,0.03,-0.207,0.344,-0.128,0.412,-0.158,0.118,-0.335,0.196,-0.642,0.128,-0.396,0.325,-0.297,0.559,-0.128,0.714,-0.167,-0.493,0.614,-1.185,0.614,-1.185,0.13,-1.475,0.13,-1.677,0.13,-1.677,1.415,-0.36,1.415,-0.36,1,0
BHARATFORG,20190313,20190312,20190311,-53545,-53545,-52910,-52910,0.13,-1.475,0.619,-0.189,0.393,-0.217,0.754,-0.452,0.216,-0.16,0.291,-0.132,0.113,-0.711,0.48,-0.256,0.226,-0.218,-0.019,-0.302,0.702,-0.047,0.037,-0.528,0.225,-0.882,0.113,-52910,-52910,-1.198,98.63,5.082,3.556,-1.198,4.496,1.058,-0.632,1.531,-0.234,0.562,-0.192,0.766,-0.01,0.34,-0.19,0.88,-0.019,0.234,-0.386,0.393,-0.216,0.112,-0.197,0.075,-0.319,0.494,-0.009,0.363,-0.763,0.774,-0.254,-3.761,-0.459,-0.487,-52910,-52910,-52910,-52910,0,0,0,0,0,0,0,0,0,0,0,1
BHARTIARTL,20190312,20190311,20190308,8.812,6.057,1.621,-1.351,0.976,-0.227,0.717,-0.161,1.247,0.112,0.174,-0.318,0.457,-0.302,1.78,-0.063,0.587,-0.171,0.4,-0.17,0.154,-0.371,0.69,-0.248,0.535,-0.339,2.054,-0.077,1.75,0.075,6.606,1.621,-1.351,7.31,0.323,0.88,-0.324,7.31,-0.324,0.737,-0.227,0.513,-0.065,0.097,-0.243,0.032,-0.519,0.258,-0.081,0.097,-0.21,0.145,-0.049,0.081,-0.194,0.129,-0.39,0.419,-0.081,0.291,0,0.226,0,0.032,-0.569,0.419,-0.227,-0.292,5.706,-1.351,5.706,-1.351,1.916,-1.048,5.989,-1.048,5.989,-1.048,6.045,-0.483,6.045,-0.483,1,0
BHARTIARTL,20190313,20190312,20190311,-33180,-33180,-35080,-35080,1.916,-1.048,0.613,-0.483,1.479,0.06,2.776,-0.059,2.274,-0.421,0.475,-0.392,0.86,-0.101,1.052,-0.014,0.371,-0.373,-0.014,-0.749,0.472,-0.797,0.866,-0.057,0.862,-0.128,5.458,-35080,-35080,5.401,105.018,8.812,6.057,5.401,7.31,0.976,-0.227,0.717,-0.161,1.247,0.112,0.174,-0.318,0.457,-0.302,1.78,-0.063,0.587,-0.171,0.4,-0.17,0.154,-0.371,0.69,-0.248,0.535,-0.339,2.054,-0.077,1.75,0.075,-7.073,0.3,0.3,-35080,-35080,-35080,-35080,0,0,0,0,0,0,0,0,0,0,0,1
BHEL,20190312,20190311,20190308,4.993,3.843,1.477,0.285,0.515,-0.521,1.738,0,0.363,-0.073,0.218,-0.219,0.435,-0.073,0.506,-0.073,0.217,-0.218,0.504,-0.145,0.43,-0.072,0.996,-0.072,0.143,-0.143,0.071,-0.503,1.275,-0.216,3.141,1.477,0.285,3.569,-0.592,0,-1.042,3.569,-1.192,0,-0.817,0.295,-1.121,0.371,-0.374,0.074,-0.675,0.669,-0.15,0.074,-0.675,0.522,-0.376,0.223,-0.224,0.075,-0.224,0.075,-0.075,0.149,-0.075,0.298,-0.075,0.297,-0.075,0.813,-0.671,-0.671,1.822,-0.719,1.822,-0.719,0.985,-0.214,1.331,-1.222,1.331,-1.222,0.42,-2.157,0.42,-2.157,1,0
BHEL,20190313,20190312,20190311,-6940,-6940,-6880,-6880,0.985,-0.214,0.42,0,0.211,-0.566,0.422,-0.283,0.071,-0.713,0.214,-0.646,0.429,0,0.072,-0.431,0.072,-0.215,0.357,-0.215,0.071,-0.502,0.641,-0.072,0.214,-0.647,-1.791,-6880,-6880,-0.86,97.656,4.993,3.843,-0.86,3.569,0.515,-0.521,1.738,0,0.363,-0.073,0.218,-0.219,0.435,-0.073,0.506,-0.073,0.217,-0.218,0.504,-0.145,0.43,-0.072,0.996,-0.072,0.143,-0.143,0.071,-0.503,1.275,-0.216,-3.242,-0.5,-0.571,-6880,-6880,-6880,-6880,0,0,0,0,0,0,0,0,0,0,0,1
BOSCHLTD,20190312,20190311,20190308,4.747,3.279,1.656,0.141,0.889,-0.059,0.77,-0.068,0.657,0.039,0.541,-0.016,0.396,-0.027,0.835,-0.027,0.375,0.021,0.131,-0.068,0.241,-0.19,0.232,-0.253,0.318,-0.049,0,-0.285,0.746,0.037,2.59,1.656,0.141,3.143,-0.529,0.996,0.049,3.143,-0.272,0.201,-0.426,0.166,-0.912,0.701,-0.718,0.157,-0.134,0.198,-0.062,0.057,-0.106,0.156,-0.108,0.19,-0.191,0.304,-0.24,0.023,-0.258,0.265,-0.119,0.163,-0.299,0.554,-0.137,0.201,0,-0.381,1.656,0.004,1.656,-0.264,1.411,-0.108,1.411,-0.245,1.411,-0.513,0.304,-0.943,0.304,-1.213,1,0
BPCL,20190312,20190311,20190308,5.175,4.091,0.603,-0.532,1.27,-0.122,1.962,0.013,0.407,-0.304,0.538,0.013,0.524,-0.079,0.73,0.223,0.689,-0.065,0.117,-0.458,0.582,-0.143,0.528,-0.364,0.13,-0.456,0.168,-0.352,0.862,-0.078,3.824,0.603,-0.532,4.599,-0.271,1.016,-0.38,4.599,-0.776,0,-0.776,0.581,-0.095,0.541,-0.464,0.243,-0.19,0.606,-0.014,0.081,-0.489,0.284,-0.409,0.204,-0.383,0.109,-0.342,0.245,-0.246,0.204,-0.041,0.3,-0.384,1.432,-0.027,0.177,-0.517,-0.517,1.864,-0.716,1.864,-0.716,0.36,-0.779,1.623,-0.963,1.623,-0.963,2.269,-0.299,2.269,-0.299,1,0
BPCL,20190313,20190312,20190311,-38700,-38700,-38920,-38920,0.36,-0.779,1.671,-0.299,0.925,-0.321,0.445,-0.243,0.076,-0.732,0.102,-0.809,0.166,-0.762,0.256,-0.374,0.179,-0.594,0.398,-0.453,0.537,-0.4,0.026,-0.489,0.294,-0.606,1.217,-38920,-38920,0.564,99.948,5.175,4.091,0.564,4.599,1.27,-0.122,1.962,0.013,0.407,-0.304,0.538,0.013,0.524,-0.079,0.73,0.223,0.689,-0.065,0.117,-0.458,0.582,-0.143,0.528,-0.364,0.13,-0.456,0.168,-0.352,0.862,-0.078,-3.976,-0.245,-0.258,-38920,-38920,-38920,-38920,0,0,0,0,0,0,0,0,0,0,0,1
CANBK,20190312,20190311,20190308,2.124,0.903,1.612,0.384,0.213,-0.919,1.997,-0.058,0.669,0.173,0.057,-0.404,0.153,-0.425,0.096,-0.425,0.557,-0.058,0.25,-0.096,0.364,-0.212,0.058,-0.697,0.154,-0.7,0.577,-0.194,0.077,-0.541,0.636,1.612,0.384,0.521,-1.492,1.141,0.02,0.521,-0.63,1.045,-0.196,0.388,-1.323,0.608,-0.218,0.255,-0.316,0.82,-0.059,0.544,-0.196,0.253,-0.235,0.098,-0.511,0.429,-0.196,0.214,-0.669,0.216,-0.256,0.469,-0.315,0.235,-0.435,1.013,-1.575,-1.635,1.612,-1.666,1.612,-1.666,0.228,-1.018,0.228,-3.097,0.228,-3.097,0.115,-2.332,0.115,-2.332,1,1
CANBK,20190313,20190312,20190311,-26200,-26200,-25540,-25540,0.228,-1.018,0.115,-0.597,0.173,-0.483,0.576,-0.174,0,-0.543,0.019,-0.879,0.234,-0.47,0.467,-0.098,0.658,-0.234,0.271,-0.625,0.039,-0.369,0.232,-0.272,0,-0.979,-1.814,-25540,-25540,-2.574,97.034,2.124,0.903,-2.574,0.521,0.213,-0.919,1.997,-0.058,0.669,0.173,0.057,-0.404,0.153,-0.425,0.096,-0.425,0.557,-0.058,0.25,-0.096,0.364,-0.212,0.058,-0.697,0.154,-0.7,0.577,-0.194,0.077,-0.541,-0.64,-1.407,-1.486,-25540,-25540,-25540,-25540,0,0,0,0,0,0,0,0,0,0,0,1
CENTURYTEX,20190312,20190311,20190308,3.529,2.571,1.158,0.176,0.992,-0.035,0.593,-0.029,0.552,-0.023,0.276,-0.498,0.023,-0.225,0.385,0.035,0.487,-0.04,0.308,-0.189,0.382,-0.074,0.148,-0.309,0.245,-0.195,0.642,-0.046,0.78,-0.125,1.87,1.158,0.176,2.399,-1.107,1.436,0.414,2.399,0.21,0.175,-0.47,0.572,-0.823,0.33,-0.404,0.796,-0.148,0.199,-0.259,0.053,-0.536,0.328,-0.2,0.152,-0.206,0.416,-0.006,-0.07,-0.394,0.52,-0.059,0.105,-0.376,0.976,-0.164,-0.558,-0.239,-0.239,2.392,0.091,3.086,0.091,0.09,-0.902,1.337,-0.988,2.039,-0.988,2.003,-0.307,2.7,-0.307,1,0
CENTURYTEX,20190313,20190312,20190311,-88795,-88795,-90045,-90045,0.09,-0.902,0.451,-0.307,0.265,-0.289,1.081,-0.057,0.191,-0.237,0.982,0.056,0.206,-0.297,0.788,-0.123,0,-0.475,0.167,-0.33,0.627,0.017,1.096,-0.117,0.155,-0.825,2.052,-90045,-90045,1.387,101.131,3.529,2.571,1.387,2.399,0.992,-0.035,0.593,-0.029,0.552,-0.023,0.276,-0.498,0.023,-0.225,0.385,0.035,0.487,-0.04,0.308,-0.189,0.382,-0.074,0.148,-0.309,0.245,-0.195,0.642,-0.046,0.78,-0.125,-1.906,-1.08,-1.08,-90045,-90045,-90045,-90045,0,0,0,0,0,0,0,0,0,0,0,1
CIPLA,20190312,20190311,20190308,0.414,-0.167,0.653,0.074,0.065,-0.932,0.121,-0.532,0.852,0.019,0.25,-0.177,0.471,0.157,0.065,-0.399,0.093,-0.056,0.083,-0.195,0.129,-0.186,0.213,-0.139,0.25,-0.121,0.102,-0.102,0.166,-0.223,0.324,0.653,0.074,-0.241,-0.212,0.138,-0.858,-0.241,-0.194,0.368,-0.25,0.157,-0.213,0.543,-0.093,0.055,-0.259,0.101,-0.176,0.396,-0.037,0.184,-0.092,0.028,-0.148,0.055,-0.259,0.083,-0.418,0.185,0,0.563,-0.019,0.452,-0.167,0.222,-0.269,-0.492,0.653,-0.39,0.653,-0.39,0.46,-0.12,0.46,-0.586,0.46,-0.586,0.313,-0.604,0.313,-0.604,1,0
CIPLA,20190313,20190312,20190311,-54015,-54015,-53775,-53775,0.46,-0.12,0.102,-0.501,0.25,-0.046,0.24,-0.204,0.516,-0.046,0.102,-0.418,0.434,-0.158,0.305,-0.009,0.028,-0.167,0.037,-0.167,0.019,-0.176,0.093,-0.269,0.148,-0.261,-0.464,-53775,-53775,-0.445,99.372,0.414,-0.167,-0.445,-0.241,0.065,-0.932,0.121,-0.532,0.852,0.019,0.25,-0.177,0.471,0.157,0.065,-0.399,0.093,-0.056,0.083,-0.195,0.129,-0.186,0.213,-0.139,0.25,-0.121,0.102,-0.102,0.166,-0.223,-0.325,-0.194,-0.213,-53775,-53775,-53775,-53775,0,0,0,0,0,0,0,0,0,0,0,1
COALINDIA,20190312,20190311,20190308,4.415,3.04,1.418,0,1.4,-0.319,1.407,-0.084,0.906,-0.229,0.021,-0.31,1.002,0.041,0.347,-0.144,0.082,-0.349,0.041,-0.515,0.43,-0.144,0.041,-0.246,0.143,-0.144,0.041,-0.743,0.41,-0.103,2.116,1.418,0,3.04,-0.784,2.486,0.786,3.04,0.639,0.681,-0.043,0.466,-0.278,0.043,-1.319,0.151,-0.238,0.065,-0.762,0.968,-0.109,0.236,-0.216,0.022,-0.672,0.129,-0.281,0.129,-0.39,0.388,0.022,0.301,-0.216,2.484,-0.043,-0.085,-0.149,-0.468,1.418,-0.912,1.418,-0.912,0.77,-0.657,0.77,-1.575,0.77,-1.575,0.448,-1.327,0.448,-1.327,1,0
COALINDIA,20190313,20190312,20190311,-24400,-24400,-24195,-24195,0.77,-0.657,0.082,-1.327,1.426,-0.186,0.53,-0.185,0.082,-0.389,0.143,-0.595,0.286,-0.309,0.02,-0.329,0.062,-0.288,0.123,-0.103,0.164,-0.082,0.226,-0.062,-0.021,-0.454,-0.597,-24195,-24195,-0.782,98.755,4.415,3.04,-0.844,3.04,1.4,-0.319,1.407,-0.084,0.906,-0.229,0.021,-0.31,1.002,0.041,0.347,-0.144,0.082,-0.349,0.041,-0.515,0.43,-0.144,0.041,-0.246,0.143,-0.144,0.041,-0.743,0.41,-0.103,-2.162,-0.657,-0.761,-24195,-24195,-24195,-24195,0,0,0,0,0,0,0,0,0,0,0,1
DISHTV,20190312,20190311,20190308,3.713,2.338,2.177,0.779,3.093,-0.669,1.913,-0.786,0.389,-0.261,0.773,-0.26,0.259,-0.26,0.389,-0.524,0.261,-0.792,0.391,-0.526,0.13,-0.393,0.131,-0.263,0.522,-0.131,0.907,0,0.39,-1.054,-0.654,2.177,0.779,1.571,-1.33,0.644,-3.213,1.571,-3.351,0.388,-1.849,0.52,-1.864,0.397,-0.94,0.397,-0.267,0.133,-0.669,1.054,0,0,-1.203,0,-1.078,0.401,-0.269,0.665,-0.134,0.267,-0.268,0.399,-0.808,0.667,-0.269,2.484,-0.535,-0.804,2.675,0,3.778,0,0.896,-0.519,1.401,-1.309,2.519,-1.309,1.656,-1.047,2.771,-1.047,1,0
DISHTV,20190313,20190312,20190311,-3770,-3770,-3775,-3775,0.896,-0.519,1.656,-0.26,0.769,0.129,0,-1.04,0.129,-0.521,0.517,-0.654,1.538,0,0.387,-0.259,0.129,-0.259,2.645,0,0.759,-0.256,0,-0.512,0.127,-1.948,0.387,-3775,-3775,0.129,97.545,3.713,2.338,0.129,1.571,3.093,-0.669,1.913,-0.786,0.389,-0.261,0.773,-0.26,0.259,-0.26,0.389,-0.524,0.261,-0.792,0.391,-0.526,0.13,-0.393,0.131,-0.263,0.522,-0.131,0.907,0,0.39,-1.054,0.65,-1.309,-1.309,-3775,-3775,-3775,-3775,0,0,0,0,0,0,0,0,0,0,0,1
DLF,20190312,20190311,20190308,1.874,1.211,1.091,0.422,1.433,0,0.337,-0.623,0.226,-0.483,0.339,-0.199,0.645,0,0.449,-0.056,0.084,-0.395,0.056,-0.624,0.31,0,0.113,-1.028,0.255,-0.114,0.368,-0.171,0.395,-0.085,-0.481,1.091,0.422,0.876,-0.855,1.826,0.399,0.792,0.342,0.879,-0.287,0.425,-0.717,0.399,-0.46,0,-0.633,1.414,-0.172,0.17,-0.428,0.256,-0.805,0.315,-0.086,0.372,0,0.571,-0.057,0.286,-0.086,0.542,-0.057,0.824,0.115,0.171,-0.057,-0.057,5.881,0.422,5.881,0.422,0.252,-0.422,5.082,-0.422,5.082,-0.422,5.402,-0.028,5.402,-0.028,1,0
DLF,20190313,20190312,20190311,-17735,-17735,-18675,-18675,0.252,-0.422,4.692,-0.028,1.12,-0.135,0.51,-0.108,1.118,-0.324,0.373,-0.295,0.401,-0.404,0,-0.594,0.107,-0.324,0.482,-0.135,0.267,-0.215,0.374,-0.027,1.245,0.027,5.326,-18675,-18675,5.007,104.345,1.874,1.211,5.007,0.792,1.433,0,0.337,-0.623,0.226,-0.483,0.339,-0.199,0.645,0,0.449,-0.056,0.084,-0.395,0.056,-0.624,0.31,0,0.113,-1.028,0.255,-0.114,0.368,-0.171,0.395,-0.085,0.478,-0.763,-0.848,-18675,-18675,-18675,-18675,0,0,0,0,0,0,0,0,0,0,0,1
DRREDDY,20190312,20190311,20190308,0.98,0.455,1.049,0.525,0.793,-0.038,0.265,-0.437,0.112,-0.154,0.383,-0.059,0.634,-0.163,0.096,-0.681,0.262,-0.015,-0.03,-0.472,0.189,-0.323,0,-0.799,0.08,-0.378,0.156,-0.377,0.399,-0.063,-0.299,1.049,0.525,0.076,-0.527,-0.68,-1.523,-0.07,-1.987,0.706,-0.207,0.351,-0.348,0.113,-0.406,0.254,0,0.316,-0.006,0.141,-0.188,0.158,0.013,-0.064,-0.36,0.053,-0.476,0.249,-0.427,-0.078,-0.668,0.359,-0.164,0.215,-0.453,1.896,-0.191,-0.495,1.642,0.449,1.863,0.449,0.528,0,1.124,-0.076,1.345,-0.076,0.76,-0.444,0.983,-0.444,1,0
DRREDDY,20190313,20190312,20190311,-263900,-263900,-266585,-266585,0.528,0,0.106,-0.444,0.677,0,0.27,-0.183,0.423,-0.109,0.152,-0.335,0.291,-0.258,0.285,-0.051,0.077,-0.192,0.171,-0.098,0.128,-0.147,0.546,0.004,0.049,-0.27,0.643,-266585,-266585,1.007,100.833,0.98,0.455,1.007,-0.07,0.793,-0.038,0.265,-0.437,0.112,-0.154,0.383,-0.059,0.634,-0.163,0.096,-0.681,0.262,-0.015,-0.03,-0.472,0.189,-0.323,0,-0.799,0.08,-0.378,0.156,-0.377,0.399,-0.063,0.298,-0.38,-0.527,-266585,-266585,-266585,-266585,0,0,0,0,0,0,0,0,0,0,0,1
EICHERMOT,20190312,20190311,20190308,6.112,4.385,1.638,-0.171,2.975,-0.149,0.624,-0.021,0.133,-0.297,0.054,-0.691,0.067,-0.33,0.167,-0.313,0.234,-0.076,0.949,-0.054,0,-0.298,0.161,-0.196,0.486,-0.151,1.847,-0.18,0.865,-0.636,2.244,1.638,-0.171,4.548,-0.548,4.867,1.804,4.548,1.696,0.864,-0.467,0.681,0.058,1.681,-0.097,0.209,-0.719,0.455,-0.206,0.225,-0.103,0.251,-0.018,0.066,-0.277,0.143,-0.491,0.032,-0.216,0.089,-0.162,0.151,-0.295,0.739,-0.119,-1.013,-0.149,-0.259,1.638,-2.327,1.638,-2.327,1.245,-0.571,1.245,-2.736,1.245,-2.736,0.231,-2.827,0.231,-2.827,1,0
EICHERMOT,20190313,20190312,20190311,-2306320,-2306320,-2246095,-2246095,1.245,-0.571,-0.58,-2.827,1.703,0.025,0.758,0.044,0.044,-0.24,0.24,-0.361,0.326,-0.058,0.301,-0.027,0.002,-0.212,0.443,-0.074,0.403,-0.249,0.14,-1.227,0.012,-1.883,-2.772,-2246095,-2246095,-2.681,96.985,6.112,4.385,-2.681,4.548,2.975,-0.149,0.624,-0.021,0.133,-0.297,0.054,-0.691,0.067,-0.33,0.167,-0.313,0.234,-0.076,0.949,-0.054,0,-0.298,0.161,-0.196,0.486,-0.151,1.847,-0.18,0.865,-0.636,-2.295,-0.399,-0.524,-2246095,-2246095,-2246095,-2246095,0,0,0,0,0,0,0,0,0,0,0,1
GAIL,20190312,20190311,20190308,1.585,0.848,1.332,0.593,0.75,-0.243,0.438,-0.456,0.113,-0.042,0.409,0,0.88,-0.042,0.07,-0.252,0,-0.323,0,-0.649,0.449,0.014,0.056,-0.808,0.071,-0.455,0.241,-0.514,0.142,-0.142,-0.256,1.332,0.593,0.327,-0.613,2.348,1.371,0.256,1.273,0.346,-0.568,0.347,-0.54,0.029,-0.424,0.276,-0.015,0.594,0,0.116,-0.437,0.892,0.058,0.431,-0.043,0.129,-0.259,0.172,-0.26,0.272,-0.029,0.358,-0.201,0.812,0.014,-1.554,-0.157,-0.343,1.608,-0.4,1.608,-0.759,0.729,-0.014,1.007,-1.013,1.007,-1.375,0.643,-1.384,0.643,-1.747,0,1
GAIL,20190313,20190312,20190311,-35290,-35290,-35290,-35290,0.729,-0.014,0.643,-0.155,0.098,-0.31,0.028,-0.593,0.197,-0.212,0.056,-0.439,0.155,-0.127,0.338,0,0.042,-0.638,0.071,-0.901,0.948,-0.215,0.789,-0.057,0.672,-1.561,-0.367,-35290,-35290,0,99.717,1.585,0.848,0,0.256,0.75,-0.243,0.438,-0.456,0.113,-0.042,0.409,0,0.88,-0.042,0.07,-0.252,0,-0.323,0,-0.649,0.449,0.014,0.056,-0.808,0.071,-0.455,0.241,-0.514,0.142,-0.142,0.255,-0.54,-0.611,-35290,-35290,-35290,-35290,0,0,0,0,0,0,0,0,0,0,0,1
GRASIM,20190312,20190311,20190308,3.521,2.497,1.229,0.181,1.065,-0.006,0.08,-0.648,0.562,-0.018,0.355,-0.104,0.031,-0.387,0.202,-0.049,0.25,-0.129,0.468,-0.073,1.274,-0.116,0.024,-0.477,0.006,-0.553,0.048,-0.358,0.633,-0.085,1.414,1.229,0.181,2.326,-0.433,0.667,-0.408,2.32,-0.558,0.098,-1.317,0.397,-0.237,0.336,-0.144,0.069,-0.614,0.558,0.006,0.087,-0.525,0.274,-0.319,0.274,-0.013,0.143,-0.439,0.393,-0.138,0.776,-0.081,0.341,-0.093,0.711,0.012,-0.605,-0.155,-0.155,1.324,0.181,1.324,0.181,0.812,-0.241,0.906,-0.241,0.906,-0.241,0.352,-0.602,0.352,-0.65,1,0
GRASIM,20190313,20190312,20190311,-83000,-83000,-82980,-82980,0.812,-0.241,0.352,-0.306,0.245,-0.222,0.054,-0.084,0,-0.198,0.072,-0.451,0.204,-0.084,0.06,-0.09,0.024,-0.174,0.06,-0.054,0.018,-0.162,0.054,-0.518,0.072,-0.884,-0.584,-82980,-82980,-0.024,99.856,3.521,2.497,-0.024,2.32,1.065,-0.006,0.08,-0.648,0.562,-0.018,0.355,-0.104,0.031,-0.387,0.202,-0.049,0.25,-0.129,0.468,-0.073,1.274,-0.116,0.024,-0.477,0.006,-0.553,0.048,-0.358,0.633,-0.085,-1.434,-0.417,-0.423,-82980,-82980,-82980,-82980,0,0,0,0,0,0,0,0,0,0,0,1
HCLTECH,20190312,20190311,20190308,1.134,-0.695,1.389,-0.435,1.037,-0.089,0.514,-0.049,-0.039,-0.745,-0.005,-0.386,0.123,-0.232,0.094,-0.332,-0.01,-0.782,0.005,-0.504,0.303,-0.04,0.095,-0.18,0.105,-0.08,0.234,-0.055,0.213,-0.219,-1.205,1.389,-0.435,-0.259,0,-1.115,-2.266,-0.259,-1.967,0.102,-1.821,0.388,-0.143,0.704,0.079,0.269,-0.339,0.152,-0.285,0.025,-0.295,0.079,-0.079,0.034,-0.558,0.039,-0.222,0.118,-0.178,0.281,-0.317,0.01,-0.258,0.118,-0.547,0.41,0.203,0,1.481,-0.435,1.481,-0.435,1.389,-0.435,1.481,-0.435,1.481,-0.435,0.593,-0.686,0.593,-0.686,0,1
HCLTECH,20190313,20190312,20190311,-100340,-100340,-101235,-101235,1.389,-0.435,0.593,0.01,0.211,-0.282,0.044,-0.218,0.099,-0.218,0.094,-0.517,0.301,-0.084,0.394,-0.099,0.005,-0.129,0.01,-0.054,0.099,-0.049,0.384,-0.561,0.074,-0.614,-0.01,-101235,-101235,0.883,100.792,1.134,-0.695,0.883,-0.259,1.037,-0.089,0.514,-0.049,-0.039,-0.745,-0.005,-0.386,0.123,-0.232,0.094,-0.332,-0.01,-0.782,0.005,-0.504,0.303,-0.04,0.095,-0.18,0.105,-0.08,0.234,-0.055,0.213,-0.219,1.19,0,0,-101235,-101235,-101235,-101235,0,0,0,0,0,0,0,0,0,0,0,1
HDFC,20190312,20190311,20190308,1.49,0.9,0.991,0.399,0.269,-0.212,0.632,0.045,0.426,0.026,0.037,-0.479,0.084,-0.045,0.145,-0.029,-0.021,-0.278,0.108,-0.05,0.034,-0.207,0.174,-0.016,0.353,-0.013,0.205,-0.203,0.404,-0.355,0.556,0.991,0.399,0.778,-0.734,0.806,0.326,0.503,0.329,0.109,-0.262,0.13,-0.216,0.189,-0.037,0.101,-0.12,0.272,-0.024,0.141,-0.091,0.088,-0.091,0.053,-0.203,0.298,-0.013,0.101,-0.192,0.21,-0.048,0.395,-0.051,0.278,-0.178,-0.475,-0.09,-0.21,0.991,0.134,1.679,0.134,0.269,-0.328,0.269,-0.595,0.961,-0.595,0.34,-0.368,1.184,-0.368,1,0
HDFC,20190313,20190312,20190311,-191040,-191040,-192900,-192900,0.269,-0.328,0.165,-0.197,0.249,0.016,0.267,-0.013,0.026,-0.21,0.05,-0.241,0.089,-0.305,0.152,-0.113,0.298,-0.129,0.133,-0.458,0.303,-0.113,0.826,-0.042,0.439,-0.289,1.187,-192900,-192900,0.964,100.921,1.49,0.9,0.964,0.503,0.269,-0.212,0.632,0.045,0.426,0.026,0.037,-0.479,0.084,-0.045,0.145,-0.029,-0.021,-0.278,0.108,-0.05,0.034,-0.207,0.174,-0.016,0.353,-0.013,0.205,-0.203,0.404,-0.355,-0.559,-0.452,-0.73,-192900,-192900,-192900,-192900,0,0,0,0,0,0,0,0,0,0,0,1
HDFCBANK,20190312,20190311,20190308,0.927,0.634,1.053,0.76,0.507,-0.007,0.105,-0.105,0.289,-0.094,0.04,-0.239,0.199,0,0.061,-0.192,0.103,-0.096,0.037,-0.395,0.2,-0.132,0.199,-0.118,0.148,-0.132,0.075,-0.16,-0.016,-0.468,-0.484,1.053,0.76,-0.127,-0.915,1.256,0.746,-0.127,0.616,0.283,-0.192,0.102,-0.102,0.347,-0.043,0.106,-0.064,0.462,-0.097,0.08,-0.142,0.071,-0.184,0.056,-0.461,0.123,-0.204,0.323,-0.014,0.137,-0.099,0.453,-0.012,0.202,-0.038,-0.76,-0.101,-0.139,1.369,0.4,1.87,0.4,0.191,-0.105,0.51,-0.468,1.014,-0.468,0.565,-0.412,1.07,-0.412,1,0
HDFCBANK,20190313,20190312,20190311,-214600,-214600,-217000,-217000,0.191,-0.105,0.056,-0.402,0.331,-0.089,0.314,-0.047,-0.016,-0.137,0.098,-0.047,0.119,-0.205,0.088,-0.093,0.301,-0.051,0.028,-0.333,0.193,-0.07,0.811,0.028,0.331,-0.092,1.161,-217000,-217000,1.105,100.932,0.927,0.634,1.105,-0.127,0.507,-0.007,0.105,-0.105,0.289,-0.094,0.04,-0.239,0.199,0,0.061,-0.192,0.103,-0.096,0.037,-0.395,0.2,-0.132,0.199,-0.118,0.148,-0.132,0.075,-0.16,-0.016,-0.468,0.482,-0.872,-0.917,-217000,-217000,-217000,-217000,0,0,0,0,0,0,0,0,0,0,0,1
HDIL,20190313,20190312,20190311,-2415,-2415,-2460,-2460,1.949,-0.399,3.612,-0.198,0,-1.354,0.192,-1.17,0.193,-0.781,0.581,-0.195,0.194,-0.587,0.194,-0.391,0,-0.783,0.195,-0.391,0.195,-0.787,0.584,0,0.58,-0.982,0.977,-2460,-2460,1.758,97.416,3.899,1.597,1.758,0.805,1.793,-0.203,1.19,0,0.2,-0.604,1.961,-0.402,0,-1.406,0.2,-0.402,0.598,-0.201,0,-0.602,0.4,0.2,0.2,-0.402,0.2,-0.402,0.2,-0.402,0.2,-0.808,0.201,-1.004,-1.207,-2460,-2460,-2460,-2460,0,0,0,0,0,0,0,0,0,0,0,1
HEROMOTOCO,20190312,20190311,20190308,3.418,1.753,1.216,-0.487,2.619,-0.073,0.032,-1.332,0.362,-0.127,0.034,-0.401,0.434,0.032,0.199,-0.22,0.445,0,0.368,-0.107,0.179,-0.034,0.039,-0.764,0.273,-0.212,0.129,-0.158,0.128,-0.428,-0.121,1.216,-0.487,2.229,-1.232,3.362,0.691,2.229,0.341,0.292,-0.831,0.402,-0.587,0.182,-0.374,0.541,-0.096,0.094,-0.238,0.149,-0.181,0.053,-0.182,0.04,-0.386,0.057,-0.298,0.392,0,0.147,-0.199,0.367,-0.029,1.274,-0.048,-0.889,-0.175,-0.425,1.216,-0.883,1.216,-0.883,0.211,-1.51,0.211,-1.91,0.211,-1.91,0.602,-0.677,0.602,-0.677,1,0
HEROMOTOCO,20190313,20190312,20190311,-284240,-284240,-280745,-280745,0.211,-1.51,0.602,-0.411,-0.02,-0.637,0.176,-0.383,0.178,-0.319,0.33,0.045,0.214,-0.07,0.319,-0.073,0.173,-0.207,0.507,-0.029,0.032,-0.16,0.212,-0.281,0.142,-0.5,-0.02,-280745,-280745,-1.244,98.539,3.418,1.753,-1.244,2.229,2.619,-0.073,0.032,-1.332,0.362,-0.127,0.034,-0.401,0.434,0.032,0.199,-0.22,0.445,0,0.368,-0.107,0.179,-0.034,0.039,-0.764,0.273,-0.212,0.129,-0.158,0.128,-0.428,0.121,-1.018,-1.207,-280745,-280745,-280745,-280745,0,0,0,0,0,0,0,0,0,0,0,1
HINDALCO,20190312,20190311,20190308,3.665,2.642,1.759,0.716,0.53,-0.535,0.151,-0.355,0.878,0.076,0.1,-0.581,0.075,-0.328,0.351,-0.076,0.1,-0.201,0.275,-0.05,0.449,-0.025,0.2,-0.301,0.473,-0.05,-0.025,-0.325,0.891,-0.025,1.542,1.759,0.716,2.377,-0.989,0.58,-0.484,1.94,-0.767,0.203,-0.948,0.709,-1.082,0.384,-0.517,0.026,-0.568,0.385,-0.026,0.154,-0.077,0.358,-0.103,0.255,-0.128,0.179,-0.154,0.307,-0.026,0.331,-0.026,0.102,-0.153,0.255,-0.282,0.331,-0.587,-0.818,2.827,0.716,2.827,0.716,0.806,-0.247,1.885,-0.247,1.885,-0.247,1.232,-0.492,1.232,-0.492,1,0
HINDALCO,20190313,20190312,20190311,-20200,-20200,-20240,-20240,0.806,-0.247,0.753,-0.098,0.146,-0.195,0.292,-0.147,0.243,-0.049,0.677,-0.146,0.195,-0.637,0.024,-0.418,-0.025,-0.27,0.707,0.049,0.122,-0.221,0.608,-0.098,-0.024,-1.707,-0.467,-20240,-20240,0.246,99.704,3.665,2.642,0.197,1.94,0.53,-0.535,0.151,-0.355,0.878,0.076,0.1,-0.581,0.075,-0.328,0.351,-0.076,0.1,-0.201,0.275,-0.05,0.449,-0.025,0.2,-0.301,0.473,-0.05,-0.025,-0.325,0.891,-0.025,-1.566,-0.52,-0.97,-20240,-20240,-20240,-20240,0,0,0,0,0,0,0,0,0,0,0,1
HINDPETRO,20190312,20190311,20190308,6.494,5.292,1.698,0.435,2.243,-0.12,1.884,-0.02,0.786,-0.291,0.914,0.019,1.615,-0.134,0.693,-0.246,0.563,-0.095,0.151,-0.78,0.245,-0.208,0.113,-0.513,0.152,-0.438,0.398,-0.555,0.87,-0.115,3.113,1.698,0.435,4.897,-0.918,3.082,0.739,4.879,0.58,0,-0.935,0.463,-0.243,0.464,-0.346,0.765,-0.142,0.081,-0.303,0,-0.486,0.302,-0.203,0.202,-0.529,0.081,-0.304,0.484,-0.081,0.241,-0.364,0.463,0.04,1.551,0,-1.113,-0.12,-0.28,3.375,-1.055,3.375,-1.055,0.84,-0.435,2.531,-1.937,2.531,-1.937,2.091,-2.398,2.091,-2.398,1,0
HINDPETRO,20190313,20190312,20190311,-26470,-26470,-26085,-26085,0.84,-0.435,0.67,-1.194,1.596,-0.431,0.13,-0.993,0,-1.249,-0.056,-1.276,0.341,-0.363,0.19,-0.478,0.076,-0.594,0.571,-0.211,0.832,-0.248,-0.038,-0.667,0.057,-1.074,-1.929,-26085,-26085,-1.47,97.855,6.494,5.292,-1.47,4.879,2.243,-0.12,1.884,-0.02,0.786,-0.291,0.914,0.019,1.615,-0.134,0.693,-0.246,0.563,-0.095,0.151,-0.78,0.245,-0.208,0.113,-0.513,0.152,-0.438,0.398,-0.555,0.87,-0.115,-3.213,-0.854,-0.873,-26085,-26085,-26085,-26085,0,0,0,0,0,0,0,0,0,0,0,1
HINDUNILVR,20190312,20190311,20190308,1.445,0.803,0.87,0.224,0.641,-0.117,0.7,-0.009,0.466,0.003,0.145,-0.166,0.012,-0.105,0,-0.169,0.029,-0.087,0.029,-0.116,0.032,-0.336,0.215,-0.181,-0.026,-0.213,0,-0.058,0.175,-0.117,0.262,0.87,0.224,0.699,-0.232,0.583,-0.176,0.58,-0.259,0.525,-0.038,0.294,-0.331,0.035,-0.488,0.515,-0.091,-0.003,-0.373,0.032,-0.126,0.015,-0.183,0.006,-0.283,0.065,-0.215,0.235,-0.018,0.118,-0.097,0.188,-0.035,0.226,-0.024,0.663,-0.2,-0.2,1.383,0.224,1.383,0.224,0.642,-0.006,1.156,-0.006,1.156,-0.006,0.633,0.052,0.633,0.052,1,0
HINDUNILVR,20190313,20190312,20190311,-171790,-171790,-173380,-173380,0.642,-0.006,0.461,0.052,0.049,-0.219,0.178,-0.084,-0.014,-0.271,0.247,-0.023,0.006,-0.11,0.058,-0.023,0,-0.112,0,-0.26,-0.115,-0.231,0.259,-0.009,-0.037,-0.381,0.392,-173380,-173380,0.985,100.867,1.445,0.803,0.917,0.58,0.641,-0.117,0.7,-0.009,0.466,0.003,0.145,-0.166,0.012,-0.105,0,-0.169,0.029,-0.087,0.029,-0.116,0.032,-0.336,0.215,-0.181,-0.026,-0.213,0,-0.058,0.175,-0.117,-0.263,-0.111,-0.23,-173380,-173380,-173380,-173380,0,0,0,0,0,0,0,0,0,0,0,1
IBREALEST,20190312,20190311,20190308,3.028,1.474,1.956,0.385,0.518,-0.458,1.032,-0.13,1.981,-0.393,0.447,-0.257,0.384,-0.064,1.017,0,-0.127,-1.029,0.192,-0.129,0.192,-0.581,0,-0.581,0.193,-0.323,1.145,0,0.256,-0.908,1.223,1.956,0.385,1.474,-1.041,1.618,0.654,1.094,0.066,1.809,-0.662,1.404,-0.13,0,-0.782,1.094,-0.458,0.708,-0.325,-0.065,-0.522,0.389,-0.065,0.065,-0.522,0.065,-0.525,0.261,-0.131,0.065,-0.394,0.327,-0.793,0.916,-0.198,1.553,-1.052,-1.052,9.016,0.385,9.016,0.385,0.946,-0.641,8.08,-0.641,8.08,-0.641,7.377,-0.253,7.377,-0.253,1,0
IBREALEST,20190313,20190312,20190311,-7750,-7750,-8030,-8030,0.946,-0.641,6.113,-0.253,2.225,-0.967,0.651,-0.841,0.537,-0.603,0,-0.665,0.481,-0.791,0.964,0,-0.06,-0.486,0.182,-0.365,0.844,0,0,-1.104,-0.061,-1.734,2.706,-8030,-8030,3.444,101.847,3.028,1.474,3.444,1.094,0.518,-0.458,1.032,-0.13,1.981,-0.393,0.447,-0.257,0.384,-0.064,1.017,0,-0.127,-1.029,0.192,-0.129,0.192,-0.581,0,-0.581,0.193,-0.323,1.145,0,0.256,-0.908,-1.238,-0.641,-1.03,-8030,-8030,-8030,-8030,0,0,0,0,0,0,0,0,0,0,0,1
IBULHSGFIN,20190312,20190311,20190308,3.357,2.31,1.903,0.841,1.303,-0.397,0.35,-0.466,0.797,-0.12,0.945,0.042,0.112,-0.301,0.598,0,-0.028,-0.871,0.314,-0.133,0.39,-0.042,0.638,-0.133,0.458,-0.147,0.056,-0.378,0.693,0,1.036,1.903,0.841,1.652,-1.313,-0.188,-1.914,1.481,-2.422,2.044,-0.983,0.38,-1.756,0.304,-1.233,0.671,-0.196,0.497,-0.292,0.028,-0.891,0.236,-0.195,0.132,-1.147,0.049,-0.994,0.231,-0.437,0.098,-0.914,0.092,-1.483,0.908,0.029,4.249,-0.897,-0.897,1.903,0.201,1.903,0.201,0.634,-0.441,0.634,-1.09,0.634,-1.09,0.336,-0.972,0.336,-0.972,1,0
IBULHSGFIN,20190313,20190312,20190311,-72725,-72725,-71885,-71885,0.634,-0.441,0.336,-0.553,-0.014,-0.746,0.172,-0.242,0.2,-0.256,-0.021,-0.694,0.428,-0.055,0.535,-0.035,0.433,-0.249,0.027,-0.428,0.303,-0.028,0.09,-0.069,0,-1.426,-1.049,-71885,-71885,-1.167,98.318,3.357,2.31,-1.167,1.481,1.303,-0.397,0.35,-0.466,0.797,-0.12,0.945,0.042,0.112,-0.301,0.598,0,-0.028,-0.871,0.314,-0.133,0.39,-0.042,0.638,-0.133,0.458,-0.147,0.056,-0.378,0.693,0,-1.047,-1.118,-1.294,-71885,-71885,-71885,-71885,0,0,0,0,0,0,0,0,0,0,0,1
ICICIBANK,20190312,20190311,20190308,2.493,1.55,1.352,0.398,0.535,-0.405,0.52,-0.054,0.572,0.12,0.252,0.013,0.04,-0.147,0.066,-0.067,0.173,-0.093,0.146,-0.093,0.318,-0.08,0.357,-0.199,0.106,-0.44,0.292,-0.067,0.093,-0.373,0.665,1.352,0.398,1.157,-0.686,1.111,0.176,1.157,0.337,0.391,-0.217,0.43,-0.108,0.629,0.081,0.013,-0.242,0.201,-0.108,0.134,-0.215,0.081,-0.419,0.067,-0.515,0.149,-0.163,0.108,-0.449,0.527,0,0.673,-0.054,0.243,-0.135,-0.108,-0.216,-0.243,3.231,0.398,3.38,0.398,0.801,-0.159,2.691,-0.159,2.841,-0.159,2.124,0.079,2.275,0.079,1,0
ICICIBANK,20190313,20190312,20190311,-37695,-37695,-38720,-38720,0.801,-0.159,1.719,0.079,0.219,-0.168,0.284,0.039,0.206,-0.129,0.206,-0.272,0.039,-0.363,0.374,0,0.052,-0.35,0.039,-0.246,0.284,-0.156,0.411,-0.039,0.206,-0.245,2.074,-38720,-38720,2.766,102.447,2.493,1.55,2.64,1.157,0.535,-0.405,0.52,-0.054,0.572,0.12,0.252,0.013,0.04,-0.147,0.066,-0.067,0.173,-0.093,0.146,-0.093,0.318,-0.08,0.357,-0.199,0.106,-0.44,0.292,-0.067,0.093,-0.373,-0.67,-0.559,-0.679,-38720,-38720,-38720,-38720,0,0,0,0,0,0,0,0,0,0,0,1
IDBI,20190312,20190311,20190308,3.057,2.095,2.074,1.103,2.31,-0.452,0.773,-0.223,0.111,-0.333,0.221,-0.222,0.552,0.111,0.111,-0.222,0,-0.333,0,-0.222,0.221,-0.111,0.111,-0.222,0.111,-0.67,0.333,-0.335,0,-0.783,-0.223,2.074,1.103,1.003,-2.14,2.97,0.226,1.003,-1.73,0.451,-0.8,0.226,-1.029,-0.114,-1.387,0.801,-0.115,0,-0.344,0.229,-0.115,0.114,-0.345,0.115,-0.23,0.229,-0.461,0.229,-0.346,0.115,-0.23,0.23,-0.115,0.23,-0.579,1.923,-2.422,-2.659,2.181,-0.787,2.181,-0.787,0,-0.992,0.109,-2.921,0.109,-2.921,0.109,-2.921,0.109,-2.921,1,0
IDBI,20190313,20190312,20190311,-4480,-4480,-4375,-4375,0,-0.992,0.109,-0.881,0.219,-0.22,0,-0.33,0.22,-0.889,0.111,-0.894,0.222,-0.787,0.223,-0.224,0.445,0,0.111,-0.336,0.111,-0.223,0,-0.335,0.334,-0.336,-2.346,-4375,-4375,-2.346,95.306,3.057,2.095,-2.346,1.003,2.31,-0.452,0.773,-0.223,0.111,-0.333,0.221,-0.222,0.552,0.111,0.111,-0.222,0,-0.333,0,-0.222,0.221,-0.111,0.111,-0.222,0.111,-0.67,0.333,-0.335,0,-0.783,0.222,-2.118,-2.118,-4375,-4375,-4375,-4375,0,0,0,0,0,0,0,0,0,0,0,1
IDEA,20190312,20190311,20190308,5.755,3.676,1.583,-0.588,1.355,-0.46,0.301,-0.455,3.221,0.151,0.442,-0.446,0.589,0,0.441,-0.148,0.147,-0.594,1.029,0.296,0.877,0.147,0.147,-0.592,0.441,-0.444,0.729,-0.147,1.729,-0.442,3.216,1.583,-0.588,5.072,-1.069,3.614,1.84,4.24,1.69,1.235,-0.471,0.62,-0.786,1.698,-0.473,0.462,-0.467,0.462,-0.155,0.765,-0.464,0.307,-0.933,0.309,-0.467,0.154,-0.31,0.462,-0.155,0.463,-0.155,0.92,-0.155,0.916,0,-1.56,-0.614,-0.614,1.583,-1.634,1.583,-1.634,0.576,-1.618,0.576,-2.675,0.576,-2.675,1.012,-1.783,1.012,-1.783,1,0
IDEA,20190313,20190312,20190311,-3355,-3355,-3320,-3320,0.576,-1.618,0.291,-0.735,1.156,0,0,-1.173,0.581,-0.587,0.292,-1.187,1.026,-0.297,1.019,0,0.87,-0.293,-0.146,-0.734,0.146,-0.147,0.728,0,1.156,-0.588,-0.146,-3320,-3320,-0.582,96.093,5.755,3.676,-1.023,4.24,1.355,-0.46,0.301,-0.455,3.221,0.151,0.442,-0.446,0.589,0,0.441,-0.148,0.147,-0.594,1.029,0.296,0.877,0.147,0.147,-0.592,0.441,-0.444,0.729,-0.147,1.729,-0.442,-3.323,-0.145,-1.023,-3320,-3320,-3320,-3320,0,0,0,0,0,0,0,0,0,0,0,1
IDFC,20190312,20190311,20190308,6.604,4.578,2.476,0.361,1.247,-0.38,0.743,-0.125,2.182,-0.248,1.794,-0.122,0.478,0,0.24,-0.241,0.716,0,0.12,-0.241,0.359,0,0.12,-0.969,0.601,0,0.24,-0.484,0.72,-0.242,3.023,2.476,0.361,4.808,-0.379,0.499,-1.141,4.232,-1.786,1.238,-0.251,0.248,-1.134,0.251,-0.889,0.253,-0.639,1.754,0.127,0.251,-0.889,0.379,-0.382,0.254,-0.255,0.127,-0.384,0.382,-0.128,0.255,-0.128,0.888,-0.128,0.635,-0.256,2.366,-1.02,-1.02,2.476,0.241,2.476,0.241,2.123,0,2.123,-0.121,2.123,-0.121,-0.119,-1.809,-0.119,-1.809,1,0
IDFC,20190313,20190312,20190311,-4050,-4050,-4105,-4105,2.123,0,-0.119,-1.199,0,-0.842,0.477,-0.361,0.239,-0.12,0.476,-0.481,0.834,-0.362,0.119,-0.24,0.119,-0.481,0.477,0,0.595,0,0.474,0.119,0.473,-0.598,-0.357,-4105,-4105,1.308,98.916,6.604,4.578,1.308,4.232,1.247,-0.38,0.743,-0.125,2.182,-0.248,1.794,-0.122,0.478,0,0.24,-0.241,0.716,0,0.12,-0.241,0.359,0,0.12,-0.969,0.601,0,0.24,-0.484,0.72,-0.242,-3.117,0.24,-0.363,-4105,-4105,-4105,-4105,0,0,0,0,0,0,0,0,0,0,0,1
INDUSINDBK,20190312,20190311,20190308,0.403,-0.462,0.822,-0.04,0.23,-0.609,0.185,-0.438,0.112,-0.093,-0.003,-0.458,0.198,-0.03,0.069,-0.329,-0.007,-0.306,0.056,-0.26,0.173,-0.073,0.232,-0.13,0.226,-0.047,0.594,-0.12,0.603,-0.411,0.026,0.822,-0.04,-0.125,-0.75,-0.262,-1.105,-0.423,-0.692,0.163,-0.322,0.238,-0.788,0.407,-0.159,0.138,-0.238,0.398,-0.162,0.046,-0.178,0.223,-0.043,0.039,-0.759,0.185,-0.169,0.29,-0.04,0.26,0.003,0.597,-0.017,0.115,-0.4,0.651,-0.198,-0.198,3.094,-0.255,4.442,-0.255,0.075,-0.793,2.364,-1.009,3.722,-1.009,2.761,-0.599,4.114,-0.599,1,0
INDUSINDBK,20190313,20190312,20190311,-152500,-152500,-156805,-156805,0.075,-0.793,0.21,-0.599,0.654,-0.135,0.095,-0.355,0.326,-0.072,0.691,0.01,0.575,0.016,0.662,-0.169,0.541,-0.193,1.062,-0.106,0.576,-0.313,0.508,-0.035,0.063,-1.63,3.139,-156805,-156805,2.744,102.405,0.403,-0.462,2.744,-0.423,0.23,-0.609,0.185,-0.438,0.112,-0.093,-0.003,-0.458,0.198,-0.03,0.069,-0.329,-0.007,-0.306,0.056,-0.26,0.173,-0.073,0.232,-0.13,0.226,-0.047,0.594,-0.12,0.603,-0.411,-0.026,-0.454,-0.753,-156805,-156805,-156805,-156805,0,0,0,0,0,0,0,0,0,0,0,1
INFRATEL,20190312,20190311,20190308,3.987,0.631,0.031,-3.463,2.524,-0.36,0.631,-0.447,0.364,-0.048,0.016,-0.445,0.269,-0.079,0.205,-0.286,0.348,-0.032,0.032,-0.285,0.41,-0.174,0.441,-0.063,0.534,-0.047,0.657,-0.142,0.823,-0.425,1.533,0.031,-3.463,3.957,-0.163,2.714,-0.163,3.957,-0.311,1.097,-0.508,0.226,-0.651,0.146,-0.588,0.179,-0.082,0.195,-0.409,0.146,-0.31,0.049,-0.196,0.147,-0.327,0.261,-0.213,0.016,-0.377,0.359,0.098,0.163,-0.246,0.294,-0.543,1.229,-0.409,-0.507,0.93,-3.463,0.93,-3.463,0.078,-3.414,0.976,-3.414,0.976,-3.414,3.3,-0.338,3.3,-0.338,1,0
INFRATEL,20190313,20190312,20190311,-31855,-31855,-31535,-31535,0.078,-3.414,0.51,-0.338,0.634,-0.112,0.866,-0.079,1.937,-0.78,0.727,0.095,0.66,-0.111,1.029,-0.063,0.827,-0.237,0.172,-0.362,0.156,-0.251,0.078,-0.853,0.173,-1.002,1.359,-31535,-31535,-1.012,98.686,3.987,0.631,-1.012,3.957,2.524,-0.36,0.631,-0.447,0.364,-0.048,0.016,-0.445,0.269,-0.079,0.205,-0.286,0.348,-0.032,0.032,-0.285,0.41,-0.174,0.441,-0.063,0.534,-0.047,0.657,-0.142,0.823,-0.425,-1.557,0.047,-0.157,-31535,-31535,-31535,-31535,0,0,0,0,0,0,0,0,0,0,0,1
INFY,20190312,20190311,20190308,0.217,-0.472,0.518,-0.169,0.71,-0.14,0.3,0.014,-0.014,-0.414,-0.098,-0.606,0.126,-0.204,0.049,-0.098,0.021,-0.282,0.218,-0.021,0.049,-0.183,0.211,-0.049,0.581,0.042,-0.035,-0.331,0.105,-0.381,-0.583,0.518,-0.169,-0.302,0.14,-0.508,-1.369,-0.302,-1.376,0,-1.426,0.098,-0.344,0.592,0.056,0.153,-0.224,0.25,-0.112,0.077,-0.273,0.272,-0.056,0.035,-0.217,0.07,-0.371,0.126,-0.168,0.287,-0.098,0.07,-0.266,0.049,-0.401,0.322,-0.028,-0.147,0.518,-0.53,0.518,-0.801,0.685,0,0.685,-0.36,0.685,-0.631,0.028,-0.989,0.028,-1.261,0,1
INFY,20190313,20190312,20190311,-70905,-70905,-70595,-70595,0.685,0,0.028,-0.485,0.203,-0.155,0.028,-0.466,0.071,-0.148,0.331,-0.127,0,-0.29,0.19,-0.049,0.028,-0.056,0.106,-0.319,0.134,-0.128,0.24,-0.142,0.035,-0.241,-1.068,-70595,-70595,-0.439,99.394,0.217,-0.472,-0.439,-0.302,0.71,-0.14,0.3,0.014,-0.014,-0.414,-0.098,-0.606,0.126,-0.204,0.049,-0.098,0.021,-0.282,0.218,-0.021,0.049,-0.183,0.211,-0.049,0.581,0.042,-0.035,-0.331,0.105,-0.381,0.58,0.169,0.141,-70595,-70595,-70595,-70595,0,0,0,0,0,0,0,0,0,0,0,1
IOC,20190312,20190311,20190308,4.283,3.106,1.758,0.55,1.642,-0.268,0.953,-0.166,0.361,-0.132,0.783,0.131,0.939,-0.033,0.772,0,0.194,-0.129,-0.065,-0.389,0.484,-0.097,0.161,-0.422,0.032,-0.587,0.065,-0.853,0.519,-0.131,1.919,1.758,0.55,2.697,-0.768,1.938,0.033,2.57,-0.403,0,-2.155,0.408,-0.652,0.614,-0.344,0.103,-0.241,0.137,-0.345,0.069,-0.415,0.853,-0.034,0.308,-0.344,0.307,-0.206,0.443,0.034,1.145,-0.102,0.441,-0.307,2.717,-0.102,-1.467,-0.503,-0.706,1.758,0,1.758,0,1.023,-0.194,1.023,-0.748,1.023,-0.748,0.288,-1.204,0.288,-1.204,1,0
IOC,20190313,20190312,20190311,-15385,-15385,-15310,-15310,1.023,-0.194,0.288,-1.204,0.932,0.097,0.29,-0.129,-0.032,-0.584,0.258,-0.357,0.291,-0.065,0.419,-0.195,0.129,-0.487,0.516,-0.162,0.194,-0.552,0.29,-0.324,0.032,-1.405,-0.941,-15310,-15310,-0.487,98.482,4.283,3.106,-0.487,2.57,1.642,-0.268,0.953,-0.166,0.361,-0.132,0.783,0.131,0.939,-0.033,0.772,0,0.194,-0.129,-0.065,-0.389,0.484,-0.097,0.161,-0.422,0.032,-0.587,0.065,-0.853,0.519,-0.131,-1.957,-0.617,-0.748,-15310,-15310,-15310,-15310,0,0,0,0,0,0,0,0,0,0,0,1
ITC,20190312,20190311,20190308,0.594,0.085,0.611,0.102,0,-0.653,1.238,0.086,-0.085,-0.735,0.34,-0.068,0.187,-0.154,0.102,-0.154,0.068,-0.102,0.034,-0.273,0.102,-0.256,0.187,-0.119,0.187,-0.256,0.085,-0.136,0.017,-0.462,0.58,0.611,0.102,0.034,-0.341,0.922,0.275,-0.017,0.582,0.82,-0.103,0.324,-0.154,-0.034,-0.586,0.189,-0.693,0.395,-0.19,0.479,0.086,-0.034,-0.516,0.257,0,0.206,-0.086,0.206,-0.086,0.291,0.017,0.12,-0.103,0.239,-0.034,0.017,-0.342,-0.446,0.913,0.102,0.913,0.068,0.271,-0.239,0.575,-0.239,0.575,-0.273,0.524,-0.273,0.524,-0.324,1,0
ITC,20190313,20190312,20190311,-29295,-29295,-29350,-29350,0.271,-0.239,0.305,-0.102,0.034,-0.324,0.204,-0.017,0.051,-0.102,0.238,0,0.558,0.068,0.085,-0.187,-0.034,-0.357,0.051,-0.358,0.407,-0.222,0.169,-0.204,0.068,-0.408,0.136,-29350,-29350,0.187,99.847,0.594,0.085,0.187,-0.017,0,-0.653,1.238,0.086,-0.085,-0.735,0.34,-0.068,0.187,-0.154,0.102,-0.154,0.068,-0.102,0.034,-0.273,0.102,-0.256,0.187,-0.119,0.187,-0.256,0.085,-0.136,0.017,-0.462,-0.584,-0.29,-0.341,-29350,-29350,-29350,-29350,0,0,0,0,0,0,0,0,0,0,0,1
JINDALSTEL,20190312,20190311,20190308,5.671,3.816,1.698,-0.235,0.817,-0.398,0.181,-0.671,1.523,0.182,0.358,-0.33,0.947,-0.09,0.266,-0.357,0.207,-0.268,0.207,-0.119,0.678,-0.149,0.147,-0.593,0.295,-0.238,0.236,-0.237,1.599,-0.148,3.309,1.698,-0.235,4.349,-0.824,-0.061,-1.287,4.041,-1.567,0.302,-0.977,0.817,-1.08,0.551,-0.402,0.214,-0.339,0.579,-0.031,0.152,-0.429,0.244,-0.307,0.244,-0.368,0.153,-0.555,0.398,0,0.52,-0.092,0.641,-0.062,0.428,-0.432,0.641,-0.676,-0.676,1.698,-0.886,1.698,-0.886,0.921,-1.027,0.921,-1.684,0.921,-1.684,1.015,-0.798,1.615,-0.798,1,0
JINDALSTEL,20190313,20190312,20190311,-17110,-17110,-17005,-17005,0.921,-1.027,0.409,-0.798,0.672,-0.265,0.351,-0.383,1.131,-0.235,0.261,-1.088,0.438,-0.176,0.204,-0.264,0.146,-0.234,0.233,-0.411,0.985,-0.117,0.721,-0.438,0.203,-1.296,0.263,-17005,-17005,-0.614,98.199,5.671,3.816,-0.614,4.041,0.817,-0.398,0.181,-0.671,1.523,0.182,0.358,-0.33,0.947,-0.09,0.266,-0.357,0.207,-0.268,0.207,-0.119,0.678,-0.149,0.147,-0.593,0.295,-0.238,0.236,-0.237,1.599,-0.148,-3.422,-0.467,-0.791,-17005,-17005,-17005,-17005,0,0,0,0,0,0,0,0,0,0,0,1
JSWSTEEL,20190312,20190311,20190308,2.252,1.316,0.914,-0.034,0.62,-0.348,0.069,-1.062,0.69,-0.087,0.103,-0.225,0.533,-0.173,0.6,0.069,0.086,-0.38,0.378,-0.086,0.751,-0.138,0.443,-0.447,0.445,-0.207,0.017,-0.447,1.171,-0.017,0.837,0.914,-0.034,1.35,-0.45,0.792,-0.174,1.35,-0.628,0.415,-0.418,0.416,-0.771,0.383,-0.158,-0.017,-0.58,0.453,-0.175,0.105,-0.315,0.087,-0.704,0.21,-0.193,0.332,-0.088,0.436,-0.07,0.66,-0.035,0.383,-0.052,0.487,-0.28,0.348,-0.803,-0.803,0.914,-0.636,1.795,-0.636,0.474,-0.479,0.474,-1.083,1.359,-1.083,0.509,-0.757,1.678,-0.757,1,0
JSWSTEEL,20190313,20190312,20190311,-29295,-29295,-29080,-29080,0.474,-0.479,0.34,-0.205,0.526,-0.257,0.238,-0.497,0.085,-0.343,0.239,-0.378,0.41,0.051,0.205,-0.069,0.324,-0.12,0.239,-0.189,1.414,-0.051,0.604,-0.629,-0.051,-1.793,-0.411,-29080,-29080,-0.737,98.35,2.252,1.316,-0.737,1.35,0.62,-0.348,0.069,-1.062,0.69,-0.087,0.103,-0.225,0.533,-0.173,0.6,0.069,0.086,-0.38,0.378,-0.086,0.751,-0.138,0.443,-0.447,0.445,-0.207,0.017,-0.447,1.171,-0.017,-0.844,-0.444,-0.444,-29080,-29080,-29080,-29080,0,0,0,0,0,0,0,0,0,0,0,1
KOTAKBANK,20190312,20190311,20190308,2.042,1.405,0.928,0.283,0.363,-0.122,0.362,-0.324,0.048,-0.307,0.31,0,0.137,-0.065,0.557,-0.004,0.12,-0.387,0.224,-0.101,-0.004,-0.33,0.02,-0.403,0.321,-0.06,0.316,-0.044,0.434,-0.341,0.884,0.928,0.283,1.124,-0.858,0.347,-0.138,1.124,0.258,0.463,-0.325,0.133,-0.142,0.145,-0.191,0.069,-0.166,0.295,-0.077,0.073,-0.081,0.198,0.008,0.04,-0.178,0.181,0,0.218,-0.028,0.121,-0.036,0.326,-0.024,0.097,-0.429,-0.21,0.274,0.202,1.26,0.283,1.765,0.283,0.087,-0.563,0.423,-0.563,0.932,-0.563,0.723,-0.068,1.23,-0.068,1,0
KOTAKBANK,20190313,20190312,20190311,-125915,-125915,-126235,-126235,0.087,-0.563,0.723,-0.068,0.012,-0.334,0.309,-0.06,0,-0.29,0.261,-0.135,0.289,-0.068,0.138,-0.127,0.134,-0.103,0.355,-0.075,0.33,-0.309,0.11,-0.355,-0.004,-0.691,0.554,-126235,-126235,0.253,100.067,2.042,1.405,0.253,1.124,0.363,-0.122,0.362,-0.324,0.048,-0.307,0.31,0,0.137,-0.065,0.557,-0.004,0.12,-0.387,0.224,-0.101,-0.004,-0.33,0.02,-0.403,0.321,-0.06,0.316,-0.044,0.434,-0.341,-0.892,-0.848,-0.848,-126235,-126235,-126235,-126235,0,0,0,0,0,0,0,0,0,0,0,1
LICHSGFIN,20190312,20190311,20190308,3.264,1.834,1.925,0.476,1.493,-0.04,1.063,-0.269,0.069,-0.467,0.069,-0.189,0.069,-0.05,0.552,-0.109,0.049,-0.527,0.089,-0.239,0.149,-0.289,0.11,-0.561,0.219,-0.22,0.597,-0.1,0.219,-0.24,-0.11,1.925,0.476,1.365,-0.545,2.985,1.475,1.365,1.246,0.672,-0.474,0.174,-0.774,0.288,-0.093,0.431,-0.021,0.885,-0.103,0.132,-0.842,0.174,-0.34,0.663,-0.01,0.246,-0.041,0.54,-0.092,0.204,-0.164,0.387,-0.041,1.141,0.061,-1.044,-0.202,-0.273,2.116,0.1,2.116,-0.16,1.397,-0.059,1.59,-0.438,1.59,-0.699,0.224,-1.831,0.224,-2.096,1,0
LICHSGFIN,20190313,20190312,20190311,-50355,-50355,-50325,-50325,1.397,-0.059,0.224,-0.848,0.079,-0.505,0.069,-0.317,0.237,-0.488,0.416,0,0.277,-0.179,0.188,-0.229,0.178,-0.199,-0.069,-0.518,0.337,-0.349,0.267,-0.119,0.247,-0.739,-1.448,-50325,-50325,-0.059,99.296,3.264,1.834,-0.059,1.365,1.493,-0.04,1.063,-0.269,0.069,-0.467,0.069,-0.189,0.069,-0.05,0.552,-0.109,0.049,-0.527,0.089,-0.239,0.149,-0.289,0.11,-0.561,0.219,-0.22,0.597,-0.1,0.219,-0.24,0.109,-0.538,-0.538,-50325,-50325,-50325,-50325,0,0,0,0,0,0,0,0,0,0,0,1
LT,20190312,20190311,20190308,1.784,1.031,1.564,0.81,0.33,-0.265,0.329,-0.399,0.275,-0.045,0.03,-0.343,0.048,-0.272,0.234,0.052,0.022,-0.13,0.045,-0.052,0.264,-0.041,0.338,0.011,0.267,-0.156,0.289,-0.007,0.133,-0.301,0,1.564,0.81,0.363,-0.99,-0.134,-0.731,0.223,-0.776,0.888,-0.544,0.385,-0.794,0.67,-0.204,0,-0.441,0.092,-0.342,0.189,-0.044,0.063,-0.093,0.155,-0.66,-0.019,-0.547,0.048,-0.5,0.141,-0.284,0.116,-0.209,0.205,-0.075,1.352,-0.31,-0.415,4.024,0.81,4.024,0.81,0.592,-0.169,3.076,-0.169,3.076,-0.169,2.644,0.077,2.644,0.077,1,0
LT,20190313,20190312,20190311,-135885,-135885,-138790,-138790,0.592,-0.169,1.015,0.077,1.36,-0.207,0.567,0.011,0.1,-0.42,0.032,-0.696,0.079,-0.011,0.032,-0.162,0.011,-0.061,0.058,-0.209,0.248,-0.032,0.305,-0.753,0.133,-0.137,1.656,-138790,-138790,2.099,102.063,1.784,1.031,2.092,0.223,0.33,-0.265,0.329,-0.399,0.275,-0.045,0.03,-0.343,0.048,-0.272,0.234,0.052,0.022,-0.13,0.045,-0.052,0.264,-0.041,0.338,0.011,0.267,-0.156,0.289,-0.007,0.133,-0.301,0,-0.845,-0.988,-138790,-138790,-138790,-138790,0,0,0,0,0,0,0,0,0,0,0,1
LUPIN,20190312,20190311,20190308,2.765,1.768,0.959,-0.057,0.51,-0.199,0.28,-0.077,0.565,0.019,0.74,-0.083,0.227,-0.025,0.671,-0.038,0.019,-0.443,0.082,-0.241,0.44,-0.063,0.113,-0.411,0.503,-0.095,0.239,-0.05,0.376,-0.076,1.597,0.959,-0.057,1.823,0,-1.535,-2.259,1.823,-2.272,0.244,-0.435,0.594,-0.741,0.54,-0.082,0.132,-0.366,0.252,-0.215,0.063,-0.373,0.176,-0.152,0.295,-0.399,0.082,-0.278,0.132,-0.316,0.183,-0.12,0.076,-1.073,-0.204,-1.193,2,-0.212,-0.619,1.912,-0.057,1.912,-0.057,1.015,0,1.967,0,1.967,0,1.579,-0.377,1.579,-0.377,1,0
LUPIN,20190313,20190312,20190311,-79385,-79385,-79960,-79960,1.015,0,0.231,-0.377,0.994,0.019,0.588,-0.025,0.493,-0.012,0.124,-0.548,0.23,-0.469,0.292,-0.118,0.037,-0.286,0.236,-0.243,0.329,0,0.062,-0.193,0.006,-0.872,0.325,-79960,-79960,0.731,100.598,2.765,1.768,0.718,1.823,0.51,-0.199,0.28,-0.077,0.565,0.019,0.74,-0.083,0.227,-0.025,0.671,-0.038,0.019,-0.443,0.082,-0.241,0.44,-0.063,0.113,-0.411,0.503,-0.095,0.239,-0.05,0.376,-0.076,-1.623,0.057,0,-79960,-79960,-79960,-79960,0,0,0,0,0,0,0,0,0,0,0,1
M&M,20190312,20190311,20190308,2.475,1.941,1.154,0.613,0.805,-0.067,0.441,-0.118,0.088,-0.318,0.353,-0.03,0.375,-0.044,0.293,0,0.22,-0.066,0.044,-0.441,0.293,-0.066,0.139,-0.25,0.095,-0.213,-0.066,-0.545,0.476,-0.015,0.595,1.154,0.613,1.336,-0.722,0.768,-0.104,1.336,-0.306,0.855,-0.561,0.397,-0.782,0.589,-0.148,0.111,-0.46,0.266,-0.342,0.289,-0.089,0.163,-0.208,0,-0.448,0.015,-0.313,0.23,-0.112,0.238,-0.675,0.215,-0.142,0.052,-0.494,1.012,-0.269,-0.396,1.739,0.337,1.739,0.337,0.53,-0.015,1.118,-0.293,1.118,-0.293,0.981,-0.432,0.981,-0.432,1,0
M&M,20190313,20190312,20190311,-68435,-68435,-68690,-68690,0.53,-0.015,0.276,-0.241,0.087,-0.315,0.277,0,-0.044,-0.3,0.146,-0.168,0.284,-0.007,0.895,-0.044,0.116,-0.246,0.152,-0.575,0.29,-0.153,0.159,-0.145,0.08,-0.731,0.233,-68690,-68690,0.371,99.715,2.475,1.941,0.371,1.336,0.805,-0.067,0.441,-0.118,0.088,-0.318,0.353,-0.03,0.375,-0.044,0.293,0,0.22,-0.066,0.044,-0.441,0.293,-0.066,0.139,-0.25,0.095,-0.213,-0.066,-0.545,0.476,-0.015,-0.598,-0.631,-0.713,-68690,-68690,-68690,-68690,0,0,0,0,0,0,0,0,0,0,0,1
MARUTI,20190312,20190311,20190308,2.179,1.635,0.75,0.199,0.895,-0.072,0.139,-0.256,0.618,0.046,0.398,0.044,0.452,0.015,0.458,0.014,0.074,-0.318,0.211,-0.001,0.041,-0.118,0.07,-0.249,0.085,-0.169,0.042,-0.283,0.113,-0.423,0.733,0.75,0.199,1.439,-0.415,0.613,-0.356,1.439,-0.461,0.143,-0.642,0.423,-0.145,0.331,-0.086,0.095,-0.034,0.342,-0.014,0.115,-0.491,0.252,0.015,0.047,-0.388,0.14,-0.217,0.174,-0.037,0.239,-0.161,0.161,-0.111,0.129,-0.331,0.323,-0.177,-0.287,2.075,0.199,2.075,0.199,0.539,-0.014,1.867,-0.014,1.867,-0.014,1.54,0.179,1.54,0.179,1,0
MARUTI,20190313,20190312,20190311,-709600,-709600,-715620,-715620,0.539,-0.014,1.239,0.179,0.227,-0.132,0.484,0,0.052,-0.281,0.186,-0.218,0.119,-0.251,0.162,-0.051,0.021,-0.183,0.042,-0.433,0.399,0.014,0.014,-0.251,0.058,-0.952,0.511,-715620,-715620,0.841,100.455,2.179,1.635,0.841,1.439,0.895,-0.072,0.139,-0.256,0.618,0.046,0.398,0.044,0.452,0.015,0.458,0.014,0.074,-0.318,0.211,-0.001,0.041,-0.118,0.07,-0.249,0.085,-0.169,0.042,-0.283,0.113,-0.423,-0.738,-0.213,-0.41,-715620,-715620,-715620,-715620,0,0,0,0,0,0,0,0,0,0,0,1
NMDC,20190312,20190311,20190308,2.533,1.216,1.511,0.18,0.318,-0.92,0.183,-0.785,0.365,-0.046,0.455,0.046,0.364,-0.137,0.408,-0.137,0.091,-0.182,0.182,-0.137,0.272,-0.046,0.091,-0.273,0.903,-0.046,0.181,-0.136,0.585,-0.091,1.489,1.511,0.18,1.305,-0.456,2.227,1.012,1.038,2.272,0.278,-0.514,1.649,0.047,1.134,-0.6,0.868,-0.37,0.864,0,0.091,-0.414,0.319,-0.183,0.182,-0.137,0.591,-0.183,0.273,-0.091,0.046,-0.183,0.5,-0.046,1.216,-0.274,-2.515,0.363,-0.274,2.034,-0.181,2.034,-0.181,1.067,-0.27,1.592,-0.633,1.592,-0.633,0.752,-1.492,0.752,-1.492,1,0
NMDC,20190313,20190312,20190311,-11030,-11030,-11090,-11090,1.067,-0.27,0.752,-0.178,0.133,-0.222,0.044,-0.671,0.223,-0.494,0.179,-0.723,0.27,0,0.716,-0.135,0.179,-0.135,0.448,-0.135,0.134,-0.225,0.579,-0.135,0.089,-0.493,-0.313,-11090,-11090,0.536,99.416,2.533,1.216,0.536,1.038,0.318,-0.92,0.183,-0.785,0.365,-0.046,0.455,0.046,0.364,-0.137,0.408,-0.137,0.091,-0.182,0.182,-0.137,0.272,-0.046,0.091,-0.273,0.903,-0.046,0.181,-0.136,0.585,-0.091,-1.512,-0.18,-0.451,-11090,-11090,-11090,-11090,0,0,0,0,0,0,0,0,0,0,0,1
NTPC,20190312,20190311,20190308,2.143,-1.594,3.166,-0.531,0.552,-1.224,0.131,-0.43,1.719,0.099,0.743,-0.196,1.28,0.032,0.096,-0.548,0.859,-0.193,1.452,-0.515,1.404,-0.032,0.22,-1.274,0.411,-0.255,0.127,-2.038,0.097,-3.679,-0.363,3.166,-0.531,-1.057,-0.719,4.127,2.415,-1.057,3.088,1.928,-1.479,0.596,-0.167,0.464,-0.334,0.299,-0.167,0.067,-0.1,0.166,-0.368,0.266,-0.067,0.199,-0.133,0.694,-0.167,1.378,0,0.72,-0.564,0.198,-0.265,2.293,-0.332,-1.467,-0.526,-0.658,3.166,-0.799,3.166,-0.799,3.582,-0.1,3.582,-0.366,3.582,-0.366,0.192,-3.695,0.192,-3.695,0,0
NTPC,20190313,20190312,20190311,-14975,-14975,-15025,-15025,3.582,-0.1,0.192,-1.631,-0.065,-1.249,0.196,-0.891,0.394,-0.364,0.066,-0.632,0.462,-0.3,0.397,-0.1,0.066,-0.432,0.626,-0.033,0.198,-0.132,0.297,-0.066,0.296,-0.564,-2.975,-15025,-15025,0.429,99.668,2.143,-1.594,0.331,-1.057,0.552,-1.224,0.131,-0.43,1.719,0.099,0.743,-0.196,1.28,0.032,0.096,-0.548,0.859,-0.193,1.452,-0.515,1.404,-0.032,0.22,-1.274,0.411,-0.255,0.127,-2.038,0.097,-3.679,0.362,0.429,-0.735,-15025,-15025,-15025,-15025,0,0,0,0,0,0,0,0,0,0,0,1
ONGC,20190312,20190311,20190308,2.796,1.594,1.671,0.455,1.977,-0.099,0.325,-0.294,0.293,-0.065,0.033,-0.493,0.327,-0.066,0.098,-0.328,0.196,0,0,-0.262,0.585,-0.065,0.065,-0.261,0.033,-0.196,0.228,-0.065,0.065,-0.657,-0.196,1.671,0.455,1.144,-0.926,1.62,-0.463,1.144,-0.931,0.23,-3.265,0.896,-0.168,0.431,-0.334,0.762,-0.604,0.301,-0.37,0.566,0,0.531,-0.201,-0.033,-0.436,0.1,-0.369,0.234,-0.337,0.368,-0.134,0.168,-0.337,2.523,0.034,-0.703,-0.565,-0.565,1.671,-1.257,1.671,-1.257,1.028,-0.195,1.028,-1.919,1.028,-1.919,0,-2.25,0,-2.25,1,0
ONGC,20190313,20190312,20190311,-15300,-15300,-15085,-15085,1.028,-0.195,0,-2.25,0.131,-0.593,0.326,-0.098,0.747,-0.328,0.324,-0.261,0.356,-0.033,0.13,-0.391,0.227,-0.522,0.583,0.033,0.033,-1.485,0.131,-0.198,0.426,-0.33,-1.745,-15085,-15085,-1.416,97.922,2.796,1.594,-1.416,1.144,1.977,-0.099,0.325,-0.294,0.293,-0.065,0.033,-0.493,0.327,-0.066,0.098,-0.328,0.196,0,0,-0.262,0.585,-0.065,0.065,-0.261,0.033,-0.196,0.228,-0.065,0.065,-0.657,0.196,-0.654,-0.917,-15085,-15085,-15085,-15085,0,0,0,0,0,0,0,0,0,0,0,1
PFC,20190312,20190311,20190308,4.214,2.979,1.888,0.622,1.133,-0.878,0.497,-0.091,0.271,-0.182,0.091,-0.456,1.391,-0.046,0.135,-0.226,0.628,-0.181,0.135,-0.181,1.07,-0.045,0.089,-0.448,0.535,-0.135,0.268,-0.179,0.401,-0.36,1.477,1.888,0.622,2.546,-1.008,-1.269,-3.329,2.371,-2.711,0.49,-0.812,0.403,-0.451,0.09,-0.908,0.181,-1.516,0.365,-0.276,-0.092,-1.158,0.185,-0.888,0.646,-0.749,0.046,-0.699,0.555,-0.093,0.232,-0.093,0.464,0,1.51,-0.046,2.29,-0.276,-0.276,1.888,-0.766,1.888,-1.223,0.922,-0.356,0.922,-1.758,0.922,-2.219,0.351,-2.299,0.351,-2.763,1,0
PFC,20190313,20190312,20190311,-11185,-11185,-10980,-10980,0.922,-0.356,0.351,-0.487,0.528,-0.311,0,-0.711,0.044,-1.121,0.267,-0.449,0.491,-0.315,0.401,-0.676,0.178,-0.269,0.045,-0.495,0.18,-0.634,0.537,0,0.045,-1.453,-2.392,-10980,-10980,-1.85,97.031,4.214,2.979,-1.85,2.371,1.133,-0.878,0.497,-0.091,0.271,-0.182,0.091,-0.456,1.391,-0.046,0.135,-0.226,0.628,-0.181,0.135,-0.181,1.07,-0.045,0.089,-0.448,0.535,-0.135,0.268,-0.179,0.401,-0.36,-1.499,-0.804,-0.984,-10980,-10980,-10980,-10980,0,0,0,0,0,0,0,0,0,0,0,1
PNB,20190312,20190311,20190308,3.549,2.601,1.717,0.751,1.173,-0.059,1.504,0,0.348,-0.292,0.117,-0.587,0.175,-0.411,0.176,-0.531,0.292,-0.117,0.234,-0.176,0.117,-0.293,0.35,-0.176,0.234,-0.059,0.987,-0.059,0.116,-0.467,0.815,1.717,0.751,1.864,-1.068,0.117,-1.128,1.864,-1.611,0.815,-0.472,0.467,-1.974,0.945,-0.299,0.413,-0.357,0.882,-0.059,0.294,-0.355,0.177,-0.355,0.354,-0.357,0.413,-0.178,-0.118,-0.595,0.237,-0.598,0.593,-0.06,0.178,-0.359,1.701,-0.537,-0.537,1.717,-1.298,1.717,-1.298,0.744,-0.231,0.744,-2.301,0.744,-2.301,0.173,-2.183,0.173,-2.183,1,0
PNB,20190313,20190312,20190311,-8570,-8570,-8440,-8440,0.744,-0.231,0.173,-0.698,0.174,-0.641,0.521,-0.058,0,-0.937,0,-0.824,0.41,-0.413,0.584,0,1.099,-0.059,0.174,-0.35,0,-0.408,0.232,-0.292,-0.058,-1.296,-1.405,-8440,-8440,-1.522,97.001,3.549,2.601,-1.522,1.864,1.173,-0.059,1.504,0,0.348,-0.292,0.117,-0.587,0.175,-0.411,0.176,-0.531,0.292,-0.117,0.234,-0.176,0.117,-0.293,0.35,-0.176,0.234,-0.059,0.987,-0.059,0.116,-0.467,-0.822,-0.99,-1.049,-8440,-8440,-8440,-8440,0,0,0,0,0,0,0,0,0,0,0,1
POWERGRID,20190312,20190311,20190308,5.452,3.488,2.362,0.333,0.423,-0.213,0.58,0.08,0.422,0.053,0.525,-0.026,0.627,-0.105,0.468,-0.078,0.364,-0.131,1.105,-0.234,0.512,-0.077,0.282,-0.18,0.511,0.026,0.332,-0.334,0.23,-0.516,2.985,2.362,0.333,3.165,-0.345,0.476,-0.16,3.165,-0.561,0.212,-0.642,0.133,-0.671,0.241,-0.431,0,-0.405,0.108,-0.162,0.242,-0.054,0.322,-0.054,0.134,-0.54,0.349,-0.054,0.321,-0.081,0.294,-0.054,0.187,-0.322,0.134,-0.214,0.267,-0.615,-0.615,3.812,0.333,3.812,0.333,2.035,0,3.49,0,3.49,0,1.856,-1.277,1.856,-1.303,1,0
POWERGRID,20190313,20190312,20190311,-19395,-19395,-19535,-19535,2.035,0,1.245,0.176,0.644,-0.753,0.075,-0.703,0.175,-0.656,-0.126,-0.863,0.353,-0.817,0.277,-0.203,0.076,-0.228,0.101,-0.712,0.102,-0.562,0.455,-0.051,0,-0.74,-0.968,-19535,-19535,0.839,100.205,5.452,3.488,0.713,3.165,0.423,-0.213,0.58,0.08,0.422,0.053,0.525,-0.026,0.627,-0.105,0.468,-0.078,0.364,-0.131,1.105,-0.234,0.512,-0.077,0.282,-0.18,0.511,0.026,0.332,-0.334,0.23,-0.516,-3.077,-0.335,-0.335,-19535,-19535,-19535,-19535,0,0,0,0,0,0,0,0,0,0,0,1
RCOM,20190312,20190311,20190308,-4.505,-7.407,3.604,0.926,1.695,-2.655,0.862,-0.877,0.862,-0.877,0,-0.87,0,-0.87,0,-2.655,0,-1.786,0,-4.587,0,-0.901,0.885,-1.818,0.901,-2.804,0,-2.804,0,-2.857,-7.477,3.604,0.926,-8.411,-2.586,-1.695,-6.195,-8.411,-2.564,0,-2.564,0.84,-1.724,0.847,-0.862,0,-0.855,1.681,0,0,-0.855,0.847,0,0.847,0,0,-0.855,0,-0.855,0,-1.724,1.695,0,0.847,-0.862,0.847,1.695,0.855,3.604,-4.902,3.604,-5.941,1.802,-0.926,1.802,-6.863,1.802,-7.921,0,-6.863,0,-7.921,0,1
RCOM,20190313,20190312,20190311,-445,-445,-410,-410,1.802,-0.926,0,-4.808,1.887,-0.971,0,-1.961,1.887,-0.971,0,-0.962,0,-0.962,0,-0.962,0.952,0,0,-1.942,0,-0.962,0.952,-2.97,0,-0.98,-6.863,-410,-410,-5.825,75.229,-4.505,-7.407,-6.863,-8.411,1.695,-2.655,0.862,-0.877,0.862,-0.877,0,-0.87,0,-0.87,0,-2.655,0,-1.786,0,-4.587,0,-0.901,0.885,-1.818,0.901,-2.804,0,-2.804,0,-2.857,6.957,-1.869,-2.83,-410,-410,-410,-410,0,0,0,0,0,0,0,0,0,0,0,1
RELCAPITAL,20190312,20190311,20190308,4.113,2.356,1.825,0.026,2.763,-0.269,0.209,-1.085,1.069,-0.185,0.985,-0.105,0.39,-0.235,0.363,-0.946,0.052,-1.14,0.892,-0.319,0.498,-0.158,0,-0.902,0.709,-0.159,0.368,-0.079,0.912,-0.026,-0.052,1.825,0.026,2.33,-1.099,2.581,-0.457,2.33,1.942,1.89,-0.728,0.631,-1.096,0.027,-0.964,-0.08,-0.939,4.966,-0.08,-0.178,-1.285,0.153,-1.35,0.336,-0.364,0.722,-0.052,1.355,-0.078,0.283,-1.546,1.035,-0.87,0.887,-0.158,-0.767,2.125,2.1,2.177,-0.765,2.177,-0.765,0.771,-1.047,1.127,-1.847,1.127,-1.847,1.742,-1.214,1.742,-1.214,1,0
RELCAPITAL,20190313,20190312,20190311,-19200,-19200,-18900,-18900,0.771,-1.047,1.489,-0.314,0.232,-0.625,0.182,-0.182,0.078,-0.549,0.261,-0.631,2.408,-0.528,0.39,-0.052,0.13,-0.34,0.364,-0.131,0.078,-0.418,0.519,-0.131,0.026,-2.021,-0.947,-18900,-18900,-1.579,96.943,4.113,2.356,-1.579,2.33,2.763,-0.269,0.209,-1.085,1.069,-0.185,0.985,-0.105,0.39,-0.235,0.363,-0.946,0.052,-1.14,0.892,-0.319,0.498,-0.158,0,-0.902,0.709,-0.159,0.368,-0.079,0.912,-0.026,0.052,-1.074,-1.074,-18900,-18900,-18900,-18900,0,0,0,0,0,0,0,0,0,0,0,1
RELIANCE,20190312,20190311,20190308,4.228,3.314,1.711,0.772,1.29,-0.213,0.361,-0.164,0.346,-0.074,0.38,-0.031,0.039,-0.378,0.21,0.023,0.136,-0.051,0.198,0.027,0.44,-0.035,0.185,-0.404,0.108,-0.287,0.335,-0.186,1.204,-0.069,1.618,1.711,0.772,2.967,-0.862,1.643,0.146,2.561,0.075,0.651,-0.016,0.232,-0.38,0.39,-0.123,0.232,-0.13,0.11,-0.047,0.079,-0.158,0.098,-0.142,-0.059,-0.332,0.181,-0.131,0.103,-0.131,0.327,-0.119,0.158,-0.04,0.264,0.039,0.036,-0.284,-0.284,1.947,0.772,2.095,0.772,0.886,-0.061,1.124,-0.061,1.273,-0.061,0.594,-0.471,0.743,-0.471,1,0
RELIANCE,20190313,20190312,20190311,-131405,-131405,-133035,-133035,0.886,-0.061,0.087,-0.471,0.37,-0.217,0.496,-0.144,0.015,-0.427,0.29,-0.162,0.038,-0.417,0.128,-0.186,0.305,-0.042,-0.008,-0.383,0.437,-0.045,0.458,-0.049,0.367,0.026,0.695,-133035,-133035,1.224,101.125,4.228,3.314,1.224,2.561,1.29,-0.213,0.361,-0.164,0.346,-0.074,0.38,-0.031,0.039,-0.378,0.21,0.023,0.136,-0.051,0.198,0.027,0.44,-0.035,0.185,-0.404,0.108,-0.287,0.335,-0.186,1.204,-0.069,-1.645,-0.42,-0.84,-133035,-133035,-133035,-133035,0,0,0,0,0,0,0,0,0,0,0,1
RELINFRA,20190312,20190311,20190308,7.182,5.689,2.578,1.01,3.374,-0.279,-0.154,-1.4,1.925,-0.077,0.377,-0.686,1.536,-0.152,0.672,-0.151,0.15,-1.062,0.453,-0.648,0.528,-0.152,0.076,-0.954,0.87,0.076,0.491,-0.381,1.015,-0.305,1.399,2.578,1.01,5.156,-1.786,-2.646,-6.526,4.726,-2.803,1.145,-0.791,0.112,-1.513,0.562,-0.34,0.037,-0.604,3.213,0.038,-0.183,-1.633,0.368,-0.82,-0.149,-1.053,0.149,-0.15,0.816,-0.037,-0.074,-3.029,0.495,-0.927,0.916,-0.193,2.944,3.226,3.226,2.578,0.038,2.578,0.038,0.921,-0.674,0.921,-1.663,0.921,-1.663,0.889,-1.134,0.889,-1.134,1,0
RELINFRA,20190313,20190312,20190311,-13350,-13350,-13025,-13025,0.921,-0.674,0.889,0,0.223,-0.524,0.037,-0.867,0.112,-0.263,0.263,-0.491,1.155,-0.075,0.262,-0.338,0.3,-0.038,0.075,-0.68,0.562,-0.189,0.374,0,-0.038,-3.333,-1.943,-13025,-13025,-2.476,96.245,7.182,5.689,-2.476,4.726,3.374,-0.279,-0.154,-1.4,1.925,-0.077,0.377,-0.686,1.536,-0.152,0.672,-0.151,0.15,-1.062,0.453,-0.648,0.528,-0.152,0.076,-0.954,0.87,0.076,0.491,-0.381,1.015,-0.305,-1.419,-1.242,-1.701,-13025,-13025,-13025,-13025,0,0,0,0,0,0,0,0,0,0,0,1
RPOWER,20190312,20190311,20190308,3.673,2.075,2.449,0.83,2.881,-1.288,1.619,-0.83,0.813,-1.245,0.41,-0.83,0,-0.83,0.413,-0.417,0,-0.837,0.83,-0.844,0,-0.84,0.417,-0.42,0.417,-0.42,0.417,-0.42,0.417,-0.42,-1.674,2.449,0.83,1.255,-1.695,-1.235,-5.579,1.255,-2.929,1.205,-0.408,0,-2.058,0.408,-0.826,0,-0.412,3.187,-0.413,0,-1.626,0,-1.224,0.405,-1.235,0.408,-0.412,0,-1.667,0.823,-1.688,1.245,-0.422,0.83,-0.42,3.629,2.075,1.255,2.846,-0.42,2.846,-0.42,1.224,-0.415,1.626,-1.681,1.626,-1.681,0.813,-2.521,0.813,-2.521,0,0
RPOWER,20190313,20190312,20190311,-1110,-1110,-1090,-1090,1.224,-0.415,0,-1.667,0,-0.833,0.415,-0.84,0.417,-0.42,0,-0.42,0.833,0,0,-0.418,1.24,-0.42,2.033,-0.417,0,-0.83,0,-0.833,0,-2.119,-2.521,-1090,-1090,-1.681,89.669,3.673,2.075,-1.681,1.255,2.881,-1.288,1.619,-0.83,0.813,-1.245,0.41,-0.83,0,-0.83,0.413,-0.417,0,-0.837,0.83,-0.844,0,-0.84,0.417,-0.42,0.417,-0.42,0.417,-0.42,0.417,-0.42,1.646,-1.255,-1.681,-1090,-1090,-1090,-1090,0,0,0,0,0,0,0,0,0,0,0,1
SAIL,20190312,20190311,20190308,4.018,2.803,1.696,0.452,0.83,-0.093,0.368,-0.743,0.828,-0.186,0.092,-0.277,0.64,-0.185,1.444,-0.092,0.271,-0.639,0.363,-0.091,0.633,-0.182,0.361,-0.638,0.272,-0.365,0.362,-0.273,0.271,-0.455,1.544,1.696,0.452,2.715,-1.302,-0.277,-1.21,2.361,-1.589,0.092,-1.022,0.46,-0.934,0.648,-0.187,0.186,-0.28,0.738,-0.093,0.277,-0.652,0,-0.373,0.093,-0.562,0.187,-0.47,0.56,0,0.467,0,0.466,-0.281,0.559,-0.188,1.018,-0.467,-0.467,1.696,-0.365,1.696,-0.365,0.446,-0.814,0.446,-1.641,0.446,-1.641,0.895,-0.912,0.895,-0.912,1,0
SAIL,20190313,20190312,20190311,-5475,-5475,-5400,-5400,0.446,-0.814,0.895,-0.272,0.448,-0.361,0.358,-0.27,0.359,-0.09,0.538,-0.726,0.361,-0.272,0.09,-0.729,0.181,-0.273,0.272,-0.182,0.811,-0.365,0.717,-0.272,-0.09,-1.464,-0.636,-5400,-5400,-1.364,96.861,4.018,2.803,-1.364,2.361,0.83,-0.093,0.368,-0.743,0.828,-0.186,0.092,-0.277,0.64,-0.185,1.444,-0.092,0.271,-0.639,0.363,-0.091,0.633,-0.182,0.361,-0.638,0.272,-0.365,0.362,-0.273,0.271,-0.455,-1.568,-0.905,-1.272,-5400,-5400,-5400,-5400,0,0,0,0,0,0,0,0,0,0,0,1
SBIN,20190312,20190311,20190308,1.897,1.284,0.88,0.26,0.385,-0.317,1.179,0,0.329,-0.052,0.208,-0.331,0.017,-0.4,0.035,-0.157,0.052,-0.157,0.035,-0.174,0.243,0.035,0.225,-0.366,0.192,-0.052,0.191,-0.087,0.278,-0.279,0.783,0.88,0.26,1.027,-0.721,1.401,0.705,1.027,-0.107,0.81,-0.374,0.387,-0.372,0.616,0.018,0.247,-0.177,0.422,-0.018,0.035,-0.479,0.088,-0.142,0.141,-0.071,0.282,-0.053,0.106,-0.694,0.248,-0.519,0.461,-0.071,0.373,0,0.689,-1.03,-1.138,0.88,-0.56,0.88,-0.56,0.31,-0.312,0.31,-1.137,0.31,-1.137,0.38,-0.927,0.38,-0.927,1,0
SBIN,20190313,20190312,20190311,-28800,-28800,-28590,-28590,0.31,-0.312,0.208,-0.296,0.208,-0.122,0.345,-0.226,-0.121,-0.382,0.052,-0.541,0.261,-0.385,0.279,-0.21,0.261,-0.105,0.313,-0.105,0.07,-0.296,0.174,-0.105,0.122,-0.279,-0.523,-28590,-28590,-0.592,98.927,1.897,1.284,-0.732,1.027,0.385,-0.317,1.179,0,0.329,-0.052,0.208,-0.331,0.017,-0.4,0.035,-0.157,0.052,-0.157,0.035,-0.174,0.243,0.035,0.225,-0.366,0.192,-0.052,0.191,-0.087,0.278,-0.279,-0.789,-0.574,-0.714,-28590,-28590,-28590,-28590,0,0,0,0,0,0,0,0,0,0,0,1
SIEMENS,20190312,20190311,20190308,3.954,2.694,0.905,-0.394,0.929,0,0.28,-0.33,0.602,-0.058,0.384,-0.125,0.493,0.005,0.081,-0.346,0.024,-0.216,0.129,-0.082,0.014,-0.134,0.129,-0.313,0.526,-0.029,1.313,-0.225,0.937,-0.281,2.22,0.905,-0.394,3.077,-0.747,1.577,0.654,3.077,0.654,0.722,-0.618,0.752,-0.516,0.899,-0.113,-0.083,-0.631,0.2,-0.191,0.054,-0.172,0.487,-0.024,-0.015,-0.47,0.249,-0.078,0.205,-0.069,0.356,-0.113,0.229,-0.308,0.37,-0.152,-0.157,0,0,0.905,-0.566,0.905,-0.566,0.188,-1.121,0.188,-1.295,0.188,-1.295,1.187,-0.267,1.187,-0.267,1,0
SIEMENS,20190313,20190312,20190311,-106300,-106300,-105235,-105235,0.188,-1.121,0.875,-0.114,0.325,-0.118,0.019,-0.455,0.737,0,0.117,-0.958,0.142,-0.238,0.052,-0.486,0.028,-0.181,0.313,-0.105,0.024,-0.204,0.194,-0.186,0.459,-0.086,0.014,-105235,-105235,-0.853,98.905,3.954,2.694,-1.011,3.077,0.929,0,0.28,-0.33,0.602,-0.058,0.384,-0.125,0.493,0.005,0.081,-0.346,0.024,-0.216,0.129,-0.082,0.014,-0.134,0.129,-0.313,0.526,-0.029,1.313,-0.225,0.937,-0.281,-2.27,-0.724,-0.724,-105235,-105235,-105235,-105235,0,0,0,0,0,0,0,0,0,0,0,1
SUNPHARMA,20190312,20190311,20190308,2.114,1.352,1.406,0.638,0.534,-0.474,0.175,-0.395,0.511,-0.033,0.381,-0.153,0.478,0.044,0.043,-0.294,0.185,-0.12,0,-0.284,0.444,-0.098,0.108,-0.327,0.195,-0.163,0.033,-0.294,0.185,-0.316,0.403,1.406,0.638,0.718,-1.315,2.235,1.244,0.718,1.451,1.364,-0.235,0.789,-0.155,0.319,-0.444,0.364,-0.233,0.517,0,0.022,-0.287,0.896,0.044,0.044,-0.539,0.219,-0.088,0.579,0.011,-0.033,-0.44,0.317,-0.011,0.153,-0.474,-0.475,-0.264,-0.275,2.411,0.552,2.587,0.552,0.215,-0.562,1.232,-0.649,1.41,-0.649,1.296,-0.584,1.474,-0.584,1,0
SUNPHARMA,20190313,20190312,20190311,-46400,-46400,-46930,-46930,0.215,-0.562,0.054,-0.476,0.867,-0.238,0.448,-0.29,0.319,-0.299,0.181,-0.493,0.299,-0.183,0.68,-0.128,0.032,-0.406,0.149,-0.214,0.562,-0.064,0.202,-0.043,0.265,-0.277,1.191,-46930,-46930,1.274,100.925,2.114,1.352,1.127,0.718,0.534,-0.474,0.175,-0.395,0.511,-0.033,0.381,-0.153,0.478,0.044,0.043,-0.294,0.185,-0.12,0,-0.284,0.444,-0.098,0.108,-0.327,0.195,-0.163,0.033,-0.294,0.185,-0.316,-0.404,-1.208,-1.307,-46930,-46930,-46930,-46930,0,0,0,0,0,0,0,0,0,0,0,1
SUNTV,20190312,20190311,20190308,3.638,2.789,1.146,0.275,0.767,-0.687,0.041,-0.733,0.913,-0.241,0.549,-0.115,0.547,0,0.098,-0.189,0.074,-0.279,1.222,-0.139,0.783,-0.106,0.081,-0.645,0.373,-0.057,0.081,-0.269,0.806,-0.277,1.921,1.146,0.275,2.521,-0.283,-1.386,-2.872,2.521,-3.139,0.943,-0.672,-0.016,-1.327,0.326,-0.575,0.074,-0.336,0.351,-0.197,-0.049,-0.734,0.025,-0.88,-0.017,-1.141,0.126,-0.922,0.361,-0.076,0.378,-0.042,0.752,-0.051,0.41,-0.042,3.71,-0.788,-0.949,1.422,-0.464,1.422,-0.464,0.873,0,1.151,-0.741,1.151,-0.741,0.879,-1.018,0.879,-1.018,1,0
SUNTV,20190313,20190312,20190311,-61755,-61755,-61655,-61655,0.873,0,0.217,-0.682,0.711,-0.194,0.128,-0.599,0.233,-0.51,0.282,-0.822,0.685,-0.008,0.347,-0.024,-0.04,-0.243,0,-0.325,0.787,-0.081,0.04,-0.541,0.048,-1.345,-0.437,-61655,-61655,-0.162,99.264,3.638,2.789,-0.162,2.521,0.767,-0.687,0.041,-0.733,0.913,-0.241,0.549,-0.115,0.547,0,0.098,-0.189,0.074,-0.279,1.222,-0.139,0.783,-0.106,0.081,-0.645,0.373,-0.057,0.081,-0.269,0.806,-0.277,-1.959,-0.276,-0.276,-61655,-61655,-61655,-61655,0,0,0,0,0,0,0,0,0,0,0,1
TATAGLOBAL,20190312,20190311,20190308,6.862,5.534,1.794,0.394,1.361,0,0.664,-0.335,1.17,-0.206,0.958,-0.025,0.504,-0.382,0.702,-0.152,2,-0.126,0.345,-0.723,0.592,-0.124,0.025,-1.102,0.496,-0.05,0.641,-0.199,0.369,-0.322,4,1.794,0.394,5.394,-1.146,-0.899,-2.291,5.16,-1.682,0.582,-0.306,0.203,-0.952,0.84,-0.283,0.076,-0.77,0.332,-0.026,0,-0.827,-0.077,-0.258,0.051,-0.361,0.231,-0.129,0,-0.725,0.515,0,0.103,-0.467,0.103,-0.311,1.554,0.595,0.595,1.794,0.32,1.794,0.32,0.727,-0.689,0.727,-0.763,0.727,-0.763,0.924,-0.271,0.924,-0.271,1,0
TATAGLOBAL,20190313,20190312,20190311,-20370,-20370,-20390,-20390,0.727,-0.689,0.828,-0.271,0.196,-0.295,0.195,-0.344,0.196,-0.197,0.561,-0.221,0.948,0,0.146,-0.269,0.073,-0.466,-0.122,-0.664,0.293,-0.147,0.512,-0.172,0.146,-0.244,0.586,-20390,-20390,0.098,99.536,6.862,5.534,0.098,5.16,1.361,0,0.664,-0.335,1.17,-0.206,0.958,-0.025,0.504,-0.382,0.702,-0.152,2,-0.126,0.345,-0.723,0.592,-0.124,0.025,-1.102,0.496,-0.05,0.641,-0.199,0.369,-0.322,-4.167,-0.837,-1.086,-20390,-20390,-20390,-20390,0,0,0,0,0,0,0,0,0,0,0,1
TATAMOTORS,20190312,20190311,20190308,1.913,1.087,1.994,1.168,0.817,-0.442,0.652,-0.744,0.3,-0.11,0.3,0.027,0.245,-0.357,1.192,0.055,0.082,-0.741,0.137,-0.44,0.164,-0.055,0.082,-0.219,0,-0.192,0.082,-0.192,0,-0.773,-0.522,1.994,1.168,-0.082,-1.401,-2.016,-3.311,-0.082,-3.311,0.399,-0.618,0.294,-2.107,0.895,-0.274,0,-0.852,0.653,-0.027,0.461,-0.082,0.488,-0.136,-0.136,-0.574,0.218,-0.493,0,-0.384,0.246,-0.11,0.3,-0.22,0.246,-1.278,2.868,-0.442,-0.719,2.231,0.926,2.231,0.926,0.62,-0.217,0.86,-0.463,0.86,-0.463,0.806,-0.518,0.806,-0.518,1,0
TATAMOTORS,20190313,20190312,20190311,-18340,-18340,-18380,-18380,0.62,-0.217,0.378,-0.518,0.216,-0.271,0.78,-0.027,0.081,-0.433,0.189,-0.571,0.433,0.054,0.216,-0.108,0.243,-0.163,0.35,-0.027,-0.027,-0.27,0.538,-0.027,0.054,-0.57,0.162,-18380,-18380,0.216,99.485,1.913,1.087,0.216,-0.082,0.817,-0.442,0.652,-0.744,0.3,-0.11,0.3,0.027,0.245,-0.357,1.192,0.055,0.082,-0.741,0.137,-0.44,0.164,-0.055,0.082,-0.219,0,-0.192,0.082,-0.192,0,-0.773,0.52,-1.402,-1.402,-18380,-18380,-18380,-18380,0,0,0,0,0,0,0,0,0,0,0,1
TATAMTRDVR,20190312,20190311,20190308,1.86,0.965,1.541,0.643,0.592,-0.654,0.751,-0.271,0.323,0,0.269,-0.162,0.162,-0.217,0.751,-0.054,0,-0.379,0.27,-0.108,0.216,-0.054,0.162,-0.108,0.324,-0.271,0.27,-0.108,0.323,-0.27,0.162,1.541,0.643,0.324,-1.245,-0.538,-1.798,0.324,-1.965,0.585,-0.376,-0.054,-2.02,0.757,-0.273,0,-1.433,0.71,-0.165,1.242,0.109,0.486,-0.272,0,-0.545,0.326,-0.109,0,-0.382,0.433,0,0.271,-0.381,0.217,-0.988,1.98,-0.819,-1.205,1.75,0.537,1.75,0.537,0.319,-0.59,0.53,-0.698,0.53,-0.698,0.689,-0.537,0.689,-0.537,1,0
TATAMTRDVR,20190313,20190312,20190311,-9280,-9280,-9190,-9190,0.319,-0.59,0.319,-0.321,0.213,-0.214,0.848,-0.214,0.106,-0.374,0.16,-0.59,0.481,0.054,0.32,-0.161,0.107,-0.268,0.373,-0.054,0.16,-0.321,0.266,-0.375,0.107,-1.082,-0.807,-9190,-9190,-0.806,97.974,1.86,0.965,-0.969,0.324,0.592,-0.654,0.751,-0.271,0.323,0,0.269,-0.162,0.162,-0.217,0.751,-0.054,0,-0.379,0.27,-0.108,0.216,-0.054,0.162,-0.108,0.324,-0.271,0.27,-0.108,0.323,-0.27,-0.162,-1.241,-1.241,-9190,-9190,-9190,-9190,0,0,0,0,0,0,0,0,0,0,0,1
TATAPOWER,20190312,20190311,20190308,3.415,1.737,2.049,0.347,0.352,-0.569,0.631,-0.496,0.769,-0.141,0.488,-0.351,0.348,-0.21,0.348,-0.14,0,-0.632,0.21,-0.211,0.348,-0.21,0.139,-0.491,0.348,-0.21,0.416,-0.139,-0.069,-0.769,1.185,2.049,0.347,1.395,-0.424,0.987,0.071,1.395,-0.357,0.707,-0.501,0.356,-1.011,0.144,-0.799,0.072,-0.435,0.576,-0.145,0.43,-0.216,0.5,-0.288,0.287,-0.144,0.713,-0.072,0.568,-0.287,0.071,-0.575,0.286,-0.65,1.7,-0.144,-0.071,-0.784,-1,2.249,0.347,2.846,0.347,1.639,-0.069,1.84,-0.069,2.439,-0.069,0.273,-1.456,0.881,-1.456,1,0
TATAPOWER,20190313,20190312,20190311,-7100,-7100,-7235,-7235,1.639,-0.069,0.273,-0.966,0.137,-0.551,0.274,-0.137,0,-0.69,0,-0.761,0.207,-0.485,0.548,-0.276,0.478,-0.069,0.068,-0.343,0.137,-0.137,1.084,0,0.405,-1.167,0.273,-7235,-7235,1.84,100.486,3.415,1.737,1.84,1.395,0.352,-0.569,0.631,-0.496,0.769,-0.141,0.488,-0.351,0.348,-0.21,0.348,-0.14,0,-0.632,0.21,-0.211,0.348,-0.21,0.139,-0.491,0.348,-0.21,0.416,-0.139,-0.069,-0.769,-1.2,-0.418,-0.418,-7235,-7235,-7235,-7235,0,0,0,0,0,0,0,0,0,0,0,1
TATASTEEL,20190312,20190311,20190308,2.977,2.111,0.951,0.067,0.846,-0.098,0.049,-0.587,0.659,0.02,0.29,-0.049,0.425,-0.01,0.289,-0.019,0.212,-0.232,0.528,-0.087,0.402,0.038,0.191,-0.317,0.24,-0.183,-0.019,-0.414,0.345,-0.144,1.239,0.951,0.067,2.111,-0.588,-0.447,-1.403,2.046,-1.733,0.376,-0.175,0.347,-0.525,0.359,-0.195,0.204,-0.136,0.329,-0.039,0.193,-0.272,0.078,-0.635,0.059,-0.461,0.323,-0.187,0.293,-0.029,0.4,-0.049,0.235,-0.255,-0.059,-0.652,1.703,-0.354,-0.423,1.299,0.067,1.857,0.067,0.38,-0.509,0.73,-0.509,1.291,-0.509,0.91,-0.23,1.47,-0.23,1,0
TATASTEEL,20190313,20190312,20190311,-52265,-52265,-52415,-52415,0.38,-0.509,0.343,-0.23,0.645,-0.201,0.303,-0.171,0.133,-0.496,0.057,-0.392,0.258,-0.029,0.152,-0.124,0.56,-0.249,0.076,-0.181,0.82,-0.152,0.057,-0.608,0.123,-0.899,0.467,-52415,-52415,0.286,99.685,2.977,2.111,0.286,2.046,0.846,-0.098,0.049,-0.587,0.659,0.02,0.29,-0.049,0.425,-0.01,0.289,-0.019,0.212,-0.232,0.528,-0.087,0.402,0.038,0.191,-0.317,0.24,-0.183,-0.019,-0.414,0.345,-0.144,-1.254,-0.509,-0.576,-52415,-52415,-52415,-52415,0,0,0,0,0,0,0,0,0,0,0,1
TCS,20190312,20190311,20190308,-0.372,-0.919,0.156,-0.389,0.259,-0.23,0.394,-0.074,-0.049,-0.898,0.03,-0.376,0.087,-0.196,0.107,-0.207,0.042,-0.152,0.094,-0.045,0.02,-0.082,0.109,-0.404,0.29,-0.05,0.193,-0.107,0.064,-0.398,-0.506,0.156,-0.389,-0.461,0,0.46,-0.027,-0.529,0.067,0.042,-0.52,0.406,-0.134,0.493,0.002,0.155,-0.099,0.298,-0.044,0.096,-0.368,0.256,-0.01,0.084,-0.153,0.035,-0.29,0.148,-0.012,0.18,-0.032,0.059,-0.138,0.067,-0.131,-0.494,-0.133,-0.136,0.494,-0.389,0.494,-0.589,0.156,-0.389,0.494,-0.389,0.494,-0.589,0.645,0.01,0.645,-0.437,0,1
TCS,20190313,20190312,20190311,-201380,-201380,-201145,-201145,0.156,-0.389,0.645,0.045,0.151,-0.097,0.131,-0.087,0.079,-0.303,0.173,-0.127,0.072,-0.131,0.077,-0.164,0.094,-0.102,0.017,-0.371,0.052,-0.401,0.468,-0.32,0.037,-0.536,0.035,-201145,-201145,-0.117,99.667,-0.372,-0.919,-0.117,-0.529,0.259,-0.23,0.394,-0.074,-0.049,-0.898,0.03,-0.376,0.087,-0.196,0.107,-0.207,0.042,-0.152,0.094,-0.045,0.02,-0.082,0.109,-0.404,0.29,-0.05,0.193,-0.107,0.064,-0.398,0.504,0.067,0,-201145,-201145,-201145,-201145,0,0,0,0,0,0,0,0,0,0,0,1
TECHM,20190312,20190311,20190308,0,-0.62,0.597,-0.019,0.246,-0.607,0.755,0.062,0.345,-0.105,0.093,-0.254,0.099,-0.111,0.105,-0.179,0.111,-0.223,0.019,-0.648,0.205,-0.187,0.254,-0.006,0.358,-0.031,-0.087,-0.36,0.161,-0.13,-0.136,0.597,-0.019,-0.464,-0.462,0.467,-0.384,-0.601,0.142,0.228,-0.947,0.074,-0.292,0.953,0.068,0.179,-0.105,0.228,0.031,0.105,-0.365,0.308,-0.111,-0.012,-0.359,0.074,-0.248,0.197,-0.049,0.271,0.006,0.173,-0.037,0.406,-0.037,-0.489,-0.08,-0.191,0.811,-0.749,0.811,-0.749,0.135,-0.483,0.35,-1.217,0.35,-1.217,0.356,-1.211,0.356,-1.211,0,1
TECHM,20190313,20190312,20190311,-80990,-80990,-80370,-80370,0.135,-0.483,0.356,-0.303,-0.031,-0.659,0.124,-0.093,0.019,-0.355,0.05,-0.231,0.292,-0.075,0.311,-0.131,0.075,-0.087,0.285,-0.025,0.186,-0.168,0.112,-0.137,0.18,-0.224,-0.764,-80370,-80370,-0.645,99.112,0,-0.62,-0.77,-0.601,0.246,-0.607,0.755,0.062,0.345,-0.105,0.093,-0.254,0.099,-0.111,0.105,-0.179,0.111,-0.223,0.019,-0.648,0.205,-0.187,0.254,-0.006,0.358,-0.031,-0.087,-0.36,0.161,-0.13,0.136,-0.328,-0.465,-80370,-80370,-80370,-80370,0,0,0,0,0,0,0,0,0,0,0,1
TITAN,20190312,20190311,20190308,3.366,1.301,2.347,0.261,1.54,-0.043,0.205,-0.309,0.335,-0.075,0.061,-0.469,0.224,-0.042,-0.005,-0.276,0,-0.262,0.164,-0.056,0.275,-0.009,0.107,-0.587,0.127,-0.358,0.449,-0.061,0.512,-0.291,-0.243,2.347,0.261,1.071,-0.265,2.843,1.281,1.043,0.869,0.296,-0.68,0.177,-0.553,1.016,-0.25,0.501,-0.243,0.137,-0.19,0.047,-0.381,0.553,-0.152,0.302,-0.318,0.331,-0.076,0.128,-0.09,0.071,-0.133,0.147,-0.624,0.355,-0.114,-0.77,-0.394,-0.461,2.441,0.261,2.441,0.261,2.092,0,2.185,0,2.185,0,0.347,-0.919,0.347,-0.929,1,0
TITAN,20190313,20190312,20190311,-107100,-107100,-108545,-108545,2.092,0,0.347,-0.289,0.334,-0.115,0.169,-0.197,0.014,-0.552,0.408,-0.074,0.115,-0.397,0.393,-0.239,0.041,-0.18,0.023,-0.337,0.299,-0.162,0.147,-0.087,0.362,-0.811,-0.525,-108545,-108545,1.33,100.676,3.366,1.301,1.33,1.043,1.54,-0.043,0.205,-0.309,0.335,-0.075,0.061,-0.469,0.224,-0.042,-0.005,-0.276,0,-0.262,0.164,-0.056,0.275,-0.009,0.107,-0.587,0.127,-0.358,0.449,-0.061,0.512,-0.291,0.243,-0.234,-0.262,-108545,-108545,-108545,-108545,0,0,0,0,0,0,0,0,0,0,0,1
ULTRACEMCO,20190312,20190311,20190308,2.487,1.852,0.681,0.033,0.313,-0.303,0.163,-0.451,0.501,-0.014,0.233,-0.03,0.013,-0.289,0.399,0.036,0.074,-0.151,0.298,-0.049,0.944,-0.096,0.19,-0.185,0.269,-0.052,-0.049,-0.197,0.333,-0.073,1.868,0.681,0.033,1.819,-0.426,1.63,1.022,1.819,1.234,0.153,-0.687,0.361,-0.386,0.376,-0.201,0.129,-0.284,0.944,0.055,0.495,-0.407,0.593,-0.003,0.193,-0.087,0.39,-0.047,0.468,0.024,0.576,-0.07,0.224,-0.096,0.67,-0.037,-1.69,-0.088,-0.088,2.382,0.033,2.382,0.033,0.267,-0.383,1.976,-0.383,1.976,-0.383,1.935,-0.16,1.935,-0.16,1,0
ULTRACEMCO,20190313,20190312,20190311,-406500,-406500,-409475,-409475,0.267,-0.383,0.464,-0.16,0.269,-0.015,0.558,-0.092,1.013,-0.091,0.292,-0.047,0.157,-0.035,0.082,-0.273,0.064,-1.114,0.05,-0.571,0.167,-0.221,0.049,-0.098,0.061,-0.383,0.685,-409475,-409475,0.726,100.707,2.487,1.852,0.726,1.819,0.313,-0.303,0.163,-0.451,0.501,-0.014,0.233,-0.03,0.013,-0.289,0.399,0.036,0.074,-0.151,0.298,-0.049,0.944,-0.096,0.19,-0.185,0.269,-0.052,-0.049,-0.197,0.333,-0.073,-1.904,-0.416,-0.419,-409475,-409475,-409475,-409475,0,0,0,0,0,0,0,0,0,0,0,1
UNIONBANK,20190312,20190311,20190308,7.863,5.889,3.669,1.606,0.815,-0.381,1.24,0.125,0.928,-0.062,0.185,-0.435,0.062,-0.311,0.124,-0.312,1.045,0,1.457,0.123,0.546,0,0.182,-0.244,0.546,-0.122,1.382,-0.061,0.599,-0.789,3.688,3.669,1.606,4.526,-2.718,0.313,-0.888,4.353,-1.793,1.426,0,0.063,-1.849,0.884,-0.128,0.316,-0.254,0.943,0.127,0.376,-0.442,0.377,-0.253,0.189,-0.635,0.378,-0.19,0.252,-0.701,0.444,-0.77,0.762,-0.257,0.255,-0.257,2.192,-1.28,-1.28,3.669,-0.792,3.669,-0.792,1.165,-0.952,1.165,-3.413,1.165,-3.413,-0.236,-3.352,-0.236,-3.352,1,0
UNIONBANK,20190313,20190312,20190311,-8385,-8385,-8170,-8170,1.165,-0.952,-0.236,-1.193,0.119,-0.899,0.239,-0.542,0.06,-1.335,0.602,-0.487,0.302,-0.427,0.423,-0.182,1.488,-0.182,0.419,-0.241,0.06,-0.542,0.359,-0.12,0.06,-1.521,-2.539,-8170,-8170,-2.6,95.816,7.863,5.889,-2.6,4.353,0.815,-0.381,1.24,0.125,0.928,-0.062,0.185,-0.435,0.062,-0.311,0.124,-0.312,1.045,0,1.457,0.123,0.546,0,0.182,-0.244,0.546,-0.122,1.382,-0.061,0.599,-0.789,-3.829,-2.414,-2.6,-8170,-8170,-8170,-8170,0,0,0,0,0,0,0,0,0,0,0,1
UPL,20190312,20190311,20190308,1.222,0.52,0.367,-0.341,0.886,-0.158,0.335,-0.303,0.29,-0.179,0.4,-0.078,0.056,-0.212,0.2,-0.324,0.29,-0.314,0.084,-0.257,-0.011,-0.235,0.084,-0.062,0.128,0.006,0.045,-0.157,0.44,-0.084,0.396,0.367,-0.341,0.859,-0.371,2.999,1.977,0.859,1.327,0.138,-0.415,0.247,-0.404,0.219,-0.202,0.023,-0.463,0.173,-0.202,0.121,-0.11,0.184,-0.035,0.173,-0.029,0.202,0,1.174,0.023,0.291,-0.103,0.771,0,0.565,-0.222,-1.485,-0.822,-0.822,1.125,-0.341,1.125,-0.341,0,-0.711,0.761,-0.711,0.761,-0.711,1.384,-0.067,1.384,-0.067,1,0
UPL,20190313,20190312,20190311,-89900,-89900,-89730,-89730,0,-0.711,0.29,-0.067,1.125,-0.212,0.193,-0.155,0.077,-0.389,0.011,-0.267,0.095,-0.178,0.2,-0.089,-0.067,-0.262,0.25,-0.045,0.283,-0.072,0.222,-0.111,0.105,-0.413,0.44,-89730,-89730,-0.189,99.7,1.222,0.52,-0.189,0.859,0.886,-0.158,0.335,-0.303,0.29,-0.179,0.4,-0.078,0.056,-0.212,0.2,-0.324,0.29,-0.314,0.084,-0.257,-0.011,-0.235,0.084,-0.062,0.128,0.006,0.045,-0.157,0.44,-0.084,-0.397,-0.368,-0.368,-89730,-89730,-89730,-89730,0,0,0,0,0,0,0,0,0,0,0,1
VEDL,20190312,20190311,20190308,3.525,2.36,1.693,0.506,0.799,-0.724,0.597,-0.201,1.322,0.057,0.281,-0.368,0.141,-0.34,0.366,-0.113,0.028,-0.653,0.056,-0.198,0.338,-0.113,0.393,0.028,0.727,-0.226,0.084,-0.281,0.084,-0.994,1.355,1.693,0.506,1.863,-1.036,0.599,-0.927,1.863,-1.044,0.115,-0.665,0.544,-0.9,0.661,-0.087,0.402,-0.144,0.144,-0.463,0.144,-0.144,0.086,-0.26,0.173,-0.406,0.346,0,0.231,-0.493,0.058,-0.847,0.694,-0.146,0.203,-0.174,0.834,-0.841,-0.958,1.802,0.506,1.802,0.113,0.944,-0.253,1.054,-0.253,1.054,-0.649,0.416,-0.899,0.416,-1.297,1,0
VEDL,20190313,20190312,20190311,-17745,-17745,-17745,-17745,0.944,-0.253,0.083,-0.757,0.554,-0.14,0.444,-0.167,0.139,-0.307,0.305,-0.223,0.139,-0.364,0.112,-0.337,0.196,-0.084,0.391,-0.168,0.445,-0.168,0.139,-1.269,0.363,-0.197,-0.644,-17745,-17745,0,99.44,3.525,2.36,0,1.863,0.799,-0.724,0.597,-0.201,1.322,0.057,0.281,-0.368,0.141,-0.34,0.366,-0.113,0.028,-0.653,0.056,-0.198,0.338,-0.113,0.393,0.028,0.727,-0.226,0.084,-0.281,0.084,-0.994,-1.374,-0.762,-1.019,-17745,-17745,-17745,-17745,0,0,0,0,0,0,0,0,0,0,0,1
VOLTAS,20190312,20190311,20190308,5.548,3.945,0.62,-1.067,1.148,0,0.612,-0.083,0.166,-0.409,0.661,-0.142,0.82,-0.017,0.262,-0.115,0.294,-0.189,0.619,0.09,0.76,-0.082,0.234,-0.268,0.307,-0.008,0.363,-0.073,1.505,0.105,3.935,0.62,-1.067,5.33,-0.404,1.672,0.53,4.959,0.463,0.681,-0.391,0.295,-0.425,0.22,-0.196,0.481,0.025,0.738,-0.017,0.008,-0.38,0.168,-0.135,0.328,-0.084,0.109,-0.287,0.218,-0.16,0.336,-0.051,0.135,-0.423,0.529,-0.034,-0.414,-0.067,-0.118,0.919,-1.321,0.919,-1.321,0.238,-1.455,0.539,-1.71,0.539,-1.71,1.886,-0.332,1.886,-0.332,1,0
VOLTAS,20190313,20190312,20190311,-62650,-62650,-62135,-62135,0.238,-1.455,1.886,0.008,0.23,-0.239,0.103,-0.672,0.556,-0.232,0.16,-1.418,0.577,-0.121,0.208,-0.112,0.112,-0.201,0.016,-0.378,0.455,-0.048,0.191,-0.328,0.072,-0.854,0.538,-62135,-62135,-0.819,99.02,5.548,3.945,-0.828,4.959,1.148,0,0.612,-0.083,0.166,-0.409,0.661,-0.142,0.82,-0.017,0.262,-0.115,0.294,-0.189,0.619,0.09,0.76,-0.082,0.234,-0.268,0.307,-0.008,0.363,-0.073,1.505,0.105,-4.097,0.008,-0.384,-62135,-62135,-62135,-62135,0,0,0,0,0,0,0,0,0,0,0,1
WIPRO,20190312,20190311,20190308,1.692,0.882,1.236,0.422,0.539,-0.427,0.27,-0.213,0.135,-0.155,0.538,-0.155,0.096,-0.407,0.404,0.058,0.077,-0.116,0.346,-0.077,0.269,-0.077,0.058,-0.541,0.46,-0.077,0.153,-0.25,0.077,-0.212,0.366,1.236,0.422,0.558,-0.522,-0.442,-1.418,0.462,-1.319,0.439,-1.104,-0.057,-0.964,0.134,-0.619,0.096,-0.155,0.116,-0.778,0.135,-0.721,0.444,-0.214,0.135,-0.369,-0.039,-0.272,0.135,-0.116,0.077,-0.389,0.251,0.019,-0.019,-0.622,1.585,-0.33,-0.369,1.367,0.154,1.367,0.154,0.722,-0.096,0.854,-0.365,0.854,-0.365,0.361,-0.865,0.361,-0.865,1,0
WIPRO,20190313,20190312,20190311,-26010,-26010,-26035,-26035,0.722,-0.096,0.209,-0.498,0.267,-0.115,0.209,-0.038,0.323,-0.076,0.076,-0.42,0.057,-0.673,0.229,-0.057,0.191,-0.019,0.247,-0.057,0.057,-0.21,0,-0.44,-0.019,-0.557,-0.402,-26035,-26035,0.096,99.56,1.692,0.882,0.096,0.462,0.539,-0.427,0.27,-0.213,0.135,-0.155,0.538,-0.155,0.096,-0.407,0.404,0.058,0.077,-0.116,0.346,-0.077,0.269,-0.077,0.058,-0.541,0.46,-0.077,0.153,-0.25,0.077,-0.212,-0.367,-0.423,-0.52,-26035,-26035,-26035,-26035,0,0,0,0,0,0,0,0,0,0,0,1
WOCKPHARMA,20190312,20190311,20190308,5.116,4.237,1.556,0.644,0.865,-0.189,0.373,-0.282,0.754,-0.129,0.64,-0.059,0.969,0.047,0.22,-0.676,0.22,-0.116,0.093,-0.233,0.543,-0.233,-0.046,-0.676,0.855,-0.07,2.464,-0.058,0.237,-0.949,2.911,1.556,0.644,3.616,-1.038,0.643,-0.414,3.616,-0.699,1.198,-0.402,0.374,-0.542,-0.024,-2.151,0.51,-0.251,0.65,-0.071,0.705,-0.452,0.177,-0.872,0.13,-0.393,0.012,-0.155,0.285,0.024,0.26,-0.238,0.894,-0.107,0.225,-0.285,1.079,-0.474,-0.474,2.462,0.295,2.462,0.295,0.571,-0.35,1.486,-0.703,1.486,-0.703,1.708,-0.476,1.708,-0.476,1,0
WOCKPHARMA,20190313,20190312,20190311,-44310,-44310,-43800,-43800,0.571,-0.35,0.539,-0.453,0.629,-0.204,0.669,-0.474,1.342,-0.113,0.224,-1.134,0.371,-0.306,0.191,-0.283,0.135,-0.226,0.158,-0.294,0.472,-0.09,0.393,-0.203,0.09,-2.057,-0.934,-43800,-43800,-1.162,98.142,5.116,4.237,-1.162,3.616,0.865,-0.189,0.373,-0.282,0.754,-0.129,0.64,-0.059,0.969,0.047,0.22,-0.676,0.22,-0.116,0.093,-0.233,0.543,-0.233,-0.046,-0.676,0.855,-0.07,2.464,-0.058,0.237,-0.949,-2.998,-1.001,-1.001,-43800,-43800,-43800,-43800,0,0,0,0,0,0,0,0,0,0,0,1
YESBANK,20190312,20190311,20190308,2.55,1.666,1.212,0.316,0.745,-0.648,0.362,-0.279,1.059,-0.021,0.254,-0.277,0.381,-0.043,1.134,0,0.231,-0.317,0.211,-0.211,0.421,0,0.126,-0.508,0.211,-0.148,0.211,-0.169,0.063,-0.594,1.037,1.212,0.316,1.708,-0.858,1.426,0.043,1.354,0.344,0.857,-0.871,0,-1.129,0.561,-0.239,0.216,-0.26,0.794,0.065,0.043,-0.453,0.789,-0.172,0.49,-0.343,0.512,-0.129,0.235,-0.15,0.171,-0.582,0.428,-0.518,0.473,-0.13,0.258,-0.344,-0.604,1.212,-0.34,1.212,-0.34,0.376,-0.527,0.376,-1.189,0.376,-1.189,0.272,-1.21,0.272,-1.21,1,0
YESBANK,20190313,20190312,20190311,-23730,-23730,-23485,-23485,0.376,-0.527,0.021,-0.825,0.523,-0.105,0.439,-0.063,0.042,-0.591,0.357,-0.594,0.401,0.085,0.127,-0.51,0.021,-0.233,0.106,-0.17,0.527,-0.106,0.168,-0.19,-0.021,-1.021,-1.06,-23485,-23485,-1.039,98.238,2.55,1.666,-1.039,1.354,0.745,-0.648,0.362,-0.279,1.059,-0.021,0.254,-0.277,0.381,-0.043,1.134,0,0.231,-0.317,0.211,-0.211,0.421,0,0.126,-0.508,0.211,-0.148,0.211,-0.169,0.063,-0.594,-1.048,-0.485,-0.846,-23485,-23485,-23485,-23485,0,0,0,0,0,0,0,0,0,0,0,1
ZEEL,20190312,20190311,20190308,0.131,-0.772,1.005,0.11,0.631,-0.838,0.044,-1.741,0.614,-0.343,0.361,-0.209,0.307,-0.231,0.219,-0.596,0.176,-0.309,0.406,-0.21,0.219,-0.231,-0.022,-0.442,0.242,-0.221,0.121,-0.121,0.286,-0.321,-1.258,1.005,0.11,-0.761,-0.919,0.609,-0.861,-0.883,-0.439,0.738,-1.252,0.629,-0.959,0.318,-0.165,0.143,-0.298,0.656,0,1.04,-0.132,0.087,-0.482,-0.011,-0.594,0.153,-0.143,0.393,-0.044,0.131,-0.318,0.437,-0.132,0.306,-0.53,0.633,-0.417,-0.417,3.071,0.022,4.157,0.022,0.087,-0.816,2.172,-0.905,3.269,-0.905,2.803,-0.254,3.893,-0.254,1,0
ZEEL,20190313,20190312,20190311,-45620,-45620,-46260,-46260,0.087,-0.816,0.667,-0.254,0.472,-0.044,0.537,-0.044,0.48,-0.044,0.284,-0.374,2.621,0.033,1.311,0.022,0.431,-0.217,0.032,-0.487,1.633,-0.011,0.582,-0.342,0.021,-2.304,2.017,-46260,-46260,1.381,100.623,0.131,-0.772,1.381,-0.883,0.631,-0.838,0.044,-1.741,0.614,-0.343,0.361,-0.209,0.307,-0.231,0.219,-0.596,0.176,-0.309,0.406,-0.21,0.219,-0.231,-0.022,-0.442,0.242,-0.221,0.121,-0.121,0.286,-0.321,1.243,-0.805,-0.927,-46260,-46260,-46260,-46260,0,0,0,0,0,0,0,0,0,0,0,1
